frame_id,num_gt_boxes,num_rf_boxes,num_aligned_boxes,blind_iou,blind_dice,aligned_iou,aligned_dice
0,1,1,1,0.7145874609074386,0.8335386525330659,0.7145874609074386,0.8335386525330659
1,1,1,1,0.7616303342365278,0.8646880329369561,0.7616303342365278,0.8646880329369561
2,1,1,1,0.49641741686569907,0.6634745242480049,0.49641741686569907,0.6634745242480049
3,1,1,1,0.49717912552891397,0.6641544983513895,0.49717912552891397,0.6641544983513895
4,1,1,1,0.49688880044697187,0.6638954079937007,0.49688880044697187,0.6638954079937007
5,1,1,1,0.5104671919796606,0.6759063615418591,0.5104671919796606,0.6759063615418591
6,1,1,1,0.4327120653915436,0.6040460966918547,0.4327120653915436,0.6040460966918547
7,1,2,2,0.45525051892896534,0.6256661832548536,0.45525051892896534,0.6256661832548536
8,1,2,2,0.43799827437446076,0.6091777468439495,0.43799827437446076,0.6091777468439495
9,1,1,1,0.46076937035020865,0.6308584773238265,0.46076937035020865,0.6308584773238265
10,1,1,1,0.553755584668615,0.712796259762722,0.553755584668615,0.712796259762722
11,1,1,1,0.6388096611985822,0.7796020200800788,0.6388096611985822,0.7796020200800788
12,1,1,1,0.44264256797184,0.6136552155037758,0.44264256797184,0.6136552155037758
13,1,1,1,0.4629432284279526,0.6328929509115968,0.4629432284279526,0.6328929509115968
14,1,2,2,0.665620105418994,0.7992460024388988,0.665620105418994,0.7992460024388988
15,1,1,1,0.882420411048427,0.9375380822150742,0.882420411048427,0.9375380822150742
16,1,1,1,0.9032124955184707,0.9491451928203305,0.9032124955184707,0.9491451928203305
17,1,2,2,0.896104222099503,0.9452056608019911,0.896104222099503,0.9452056608019911
18,1,2,2,0.8786786672260147,0.9354219883951077,0.8786786672260147,0.9354219883951077
19,1,1,1,0.7955899053627761,0.8861599221366053,0.7955899053627761,0.8861599221366053
20,1,1,1,0.9310994899606172,0.9643205798574428,0.9310994899606172,0.9643205798574428
21,1,1,1,0.8781061909543881,0.9350974882928906,0.8781061909543881,0.9350974882928906
22,1,1,1,0.8014125571809179,0.8897601540371978,0.8014125571809179,0.8897601540371978
23,1,1,1,0.83549988335623,0.9103785741773082,0.83549988335623,0.9103785741773082
26,1,1,1,0.92778968443259,0.9625424307690164,0.92778968443259,0.9625424307690164
27,1,1,1,0.9186037940669959,0.9575752918947048,0.9186037940669959,0.9575752918947048
28,1,1,1,0.9335628597557696,0.965640041176307,0.9335628597557696,0.965640041176307
29,1,1,1,0.9437611280519002,0.9710669839331214,0.9437611280519002,0.9710669839331214
30,1,1,1,0.9427840454583069,0.9705495035974543,0.9427840454583069,0.9705495035974543
31,1,1,1,0.8717077733471176,0.9314571278274593,0.8717077733471176,0.9314571278274593
32,1,1,1,0.8754744765567477,0.9336031894862823,0.8754744765567477,0.9336031894862823
33,1,1,1,0.8604457610382282,0.9249888161835511,0.8604457610382282,0.9249888161835511
34,1,1,1,0.839580122706522,0.9127953844937959,0.839580122706522,0.9127953844937959
35,1,1,1,0.7725009731811756,0.8716508310793629,0.7725009731811756,0.8716508310793629
36,1,1,1,0.7068037576537032,0.8282191253496267,0.7068037576537032,0.8282191253496267
48,1,1,1,0.687019451310105,0.8144772139723458,0.687019451310105,0.8144772139723458
49,1,0,0,0.0,0.0,0.0,0.0
50,1,0,0,0.0,0.0,0.0,0.0
51,1,0,0,0.0,0.0,0.0,0.0
52,1,0,0,0.0,0.0,0.0,0.0
53,1,1,1,0.695704612780364,0.8205492955988969,0.695704612780364,0.8205492955988969
54,1,1,1,0.8942989191424016,0.9442004217024776,0.8942989191424016,0.9442004217024776
55,1,1,1,0.31269492723956976,0.47641675266792927,0.31269492723956976,0.47641675266792927
56,1,1,1,0.8997694219131266,0.9472406614556739,0.8997694219131266,0.9472406614556739
58,1,1,1,0.9208143543452076,0.9587749615283429,0.9208143543452076,0.9587749615283429
59,1,1,1,0.8889124879699997,0.9411896989736219,0.8889124879699997,0.9411896989736219
60,1,1,1,0.8156006638580365,0.8984361815829442,0.8156006638580365,0.8984361815829442
61,1,1,1,0.8488237299693147,0.918231106849113,0.8488237299693147,0.918231106849113
62,1,1,1,0.8609785000846454,0.9252965577468889,0.8609785000846454,0.9252965577468889
63,1,1,1,0.8863347354005674,0.9397427919518772,0.8863347354005674,0.9397427919518772
64,1,1,1,0.8726819738965488,0.9320130017386046,0.8726819738965488,0.9320130017386046
67,1,1,1,0.9133833058414939,0.954731133122115,0.9133833058414939,0.954731133122115
68,1,1,1,0.9324842740684325,0.965062729442332,0.9324842740684325,0.965062729442332
69,1,1,1,0.927602864528158,0.9624418821925939,0.927602864528158,0.9624418821925939
70,1,1,1,0.9298707053669065,0.9636611434962632,0.9298707053669065,0.9636611434962632
94,1,0,0,0.0,0.0,0.0,0.0
95,1,1,1,0.9333471091457619,0.9655246124511556,0.9333471091457619,0.9655246124511556
96,1,1,1,0.8036089121492512,0.8911121548979698,0.8036089121492512,0.8911121548979698
97,1,1,1,0.8725742055830088,0.9319515381355377,0.8725742055830088,0.9319515381355377
98,1,1,1,0.8608730561882445,0.925235661105901,0.8608730561882445,0.925235661105901
99,1,1,1,0.8682572445513498,0.9294836105504907,0.8682572445513498,0.9294836105504907
100,1,1,1,0.7967251442731187,0.8868636884306987,0.7967251442731187,0.8868636884306987
101,1,1,1,0.8311738698178938,0.9078044237279906,0.8311738698178938,0.9078044237279906
102,1,1,1,0.7548873405859104,0.8603257008325942,0.7548873405859104,0.8603257008325942
103,1,1,1,0.7971320023837902,0.8871156947029393,0.7971320023837902,0.8871156947029393
104,1,1,1,0.7166172817540426,0.8349179393345053,0.7166172817540426,0.8349179393345053
105,1,0,0,0.0,0.0,0.0,0.0
108,1,0,0,0.0,0.0,0.0,0.0
109,1,0,0,0.0,0.0,0.0,0.0
110,1,0,0,0.0,0.0,0.0,0.0
111,1,0,0,0.0,0.0,0.0,0.0
112,1,1,1,0.39599335590856116,0.5673284249276886,0.39599335590856116,0.5673284249276886
113,1,1,1,0.39754116086618035,0.5689151375259514,0.39754116086618035,0.5689151375259514
114,1,1,1,0.6060360844430346,0.7546979676402538,0.6060360844430346,0.7546979676402538
115,1,1,1,0.8022230111696753,0.8902594253848951,0.8022230111696753,0.8902594253848951
116,1,0,0,0.0,0.0,0.0,0.0
117,1,1,1,0.535407218927626,0.6974139659204811,0.535407218927626,0.6974139659204811
118,1,0,0,0.0,0.0,0.0,0.0
119,1,0,0,0.0,0.0,0.0,0.0
120,1,1,1,0.5482603019639005,0.7082275522642495,0.5482603019639005,0.7082275522642495
121,1,1,1,0.6362352345951415,0.7776818652271195,0.6362352345951415,0.7776818652271195
122,1,1,1,0.6278178913968936,0.7713613355829855,0.6278178913968936,0.7713613355829855
123,1,1,1,0.8044435470719339,0.8916250645550009,0.8044435470719339,0.8916250645550009
124,1,1,1,0.8301058966760848,0.9071670641395757,0.8301058966760848,0.9071670641395757
125,1,1,1,0.6382578498046593,0.779190955661544,0.6382578498046593,0.779190955661544
126,1,0,0,0.0,0.0,0.0,0.0
127,1,1,1,0.6569162906835337,0.7929384174411535,0.6569162906835337,0.7929384174411535
128,1,1,1,0.7942455084885446,0.8853253411876834,0.7942455084885446,0.8853253411876834
129,1,2,2,0.7502754281656029,0.8573227002928768,0.7502754281656029,0.8573227002928768
130,1,2,2,0.7122876107012776,0.8319719260359023,0.7122876107012776,0.8319719260359023
131,1,2,2,0.579816217652978,0.7340299601612778,0.579816217652978,0.7340299601612778
132,1,2,2,0.917525298140195,0.9569889889120122,0.917525298140195,0.9569889889120122
133,1,1,1,0.6382528486163863,0.7791872288278741,0.6382528486163863,0.7791872288278741
134,1,1,1,0.7462575483347147,0.8546935691660935,0.7462575483347147,0.8546935691660935
135,1,1,1,0.7887754195897345,0.8819166575652571,0.7887754195897345,0.8819166575652571
136,1,5,4,0.2783742010944484,0.4355128582165147,0.2957749615804361,0.45652211278983823
137,1,1,1,0.7289600582294604,0.8432352786402147,0.7289600582294604,0.8432352786402147
138,1,5,5,0.17255774915155275,0.29432707988397716,0.17255774915155275,0.29432707988397716
139,1,5,5,0.18492922032261044,0.3121354713022628,0.18492922032261044,0.3121354713022628
140,1,3,3,0.1328323116373891,0.23451363502404704,0.1328323116373891,0.23451363502404704
141,1,4,4,0.2141044956204713,0.3526953345330504,0.2141044956204713,0.3526953345330504
142,1,4,4,0.2217605214502836,0.3630179852055525,0.2217605214502836,0.3630179852055525
143,1,4,4,0.21584999495102494,0.3550602390876672,0.21584999495102494,0.3550602390876672
144,1,1,1,0.39241617274006035,0.5636478237219061,0.39241617274006035,0.5636478237219061
145,1,1,1,0.5286039120436165,0.6916165893320486,0.5286039120436165,0.6916165893320486
146,1,1,1,0.5708128407997434,0.7267738408722545,0.5708128407997434,0.7267738408722545
147,1,0,0,0.0,0.0,0.0,0.0
148,1,2,2,0.09984152139461172,0.18155619596541786,0.09984152139461172,0.18155619596541786
149,1,4,4,0.21551511457471664,0.35460705011491506,0.21551511457471664,0.35460705011491506
150,1,6,6,0.22305288086771247,0.3647477298111009,0.22305288086771247,0.3647477298111009
151,1,6,6,0.18743597469117204,0.3156986628098754,0.18743597469117204,0.3156986628098754
152,1,5,5,0.19550701980022642,0.32706963081303586,0.19550701980022642,0.32706963081303586
153,1,5,5,0.21085561571760644,0.34827540621784886,0.21085561571760644,0.34827540621784886
154,1,1,1,0.6455439737676948,0.7845964423419629,0.6455439737676948,0.7845964423419629
155,1,1,1,0.8620036533004402,0.9258882513710656,0.8620036533004402,0.9258882513710656
156,1,1,1,0.8923693136077495,0.9431238471167894,0.8923693136077495,0.9431238471167894
157,1,1,1,0.5264916385361179,0.6898061217564418,0.5264916385361179,0.6898061217564418
158,1,1,0,0.04633559915699487,0.08856737588652483,0.0,0.0
159,1,0,0,0.0,0.0,0.0,0.0
160,1,1,1,0.2815449922246039,0.43938370315953795,0.2815449922246039,0.43938370315953795
161,1,1,1,0.8485300105246176,0.9180592207792208,0.8485300105246176,0.9180592207792208
162,1,1,1,0.8808572211256822,0.936655064756584,0.8808572211256822,0.936655064756584
163,1,1,1,0.9062526069909068,0.9508211069900767,0.9062526069909068,0.9508211069900767
164,1,1,1,0.8496710252352794,0.9187266423521996,0.8496710252352794,0.9187266423521996
165,1,1,1,0.8330408119376479,0.9089168189955001,0.8330408119376479,0.9089168189955001
166,1,1,1,0.6815643285682542,0.8106312877706715,0.6815643285682542,0.8106312877706715
167,1,1,1,0.4779279050258027,0.6467540174328851,0.4779279050258027,0.6467540174328851
168,1,1,1,0.5225868394883928,0.6864460219083309,0.5225868394883928,0.6864460219083309
169,1,0,0,0.0,0.0,0.0,0.0
170,1,0,0,0.0,0.0,0.0,0.0
178,1,1,1,0.40134027389263216,0.572794889820432,0.40134027389263216,0.572794889820432
181,1,0,0,0.0,0.0,0.0,0.0
182,1,1,1,0.8315705486849659,0.9080409698463631,0.8315705486849659,0.9080409698463631
183,1,0,0,0.0,0.0,0.0,0.0
184,1,1,1,0.7597682663840053,0.8634867225389704,0.7597682663840053,0.8634867225389704
185,1,1,1,0.41326193309533255,0.5848341675632689,0.41326193309533255,0.5848341675632689
186,1,0,0,0.0,0.0,0.0,0.0
187,1,0,0,0.0,0.0,0.0,0.0
188,1,1,1,0.2755785338211347,0.43208399406912107,0.2755785338211347,0.43208399406912107
194,1,1,1,0.5795839579440212,0.7338438137829721,0.5795839579440212,0.7338438137829721
195,1,1,1,0.5803841173931809,0.734484877449307,0.5803841173931809,0.734484877449307
196,1,0,0,0.0,0.0,0.0,0.0
197,1,1,1,0.50483998419597,0.6709550377420413,0.50483998419597,0.6709550377420413
198,1,1,1,0.921864164797063,0.9593437264536395,0.921864164797063,0.9593437264536395
199,1,1,1,0.9250236642827093,0.9610517329690969,0.9250236642827093,0.9610517329690969
200,1,1,1,0.8933747412008282,0.9436850738108256,0.8933747412008282,0.9436850738108256
201,1,1,1,0.9080511130556745,0.9518100504147016,0.9080511130556745,0.9518100504147016
202,1,1,1,0.9394270572576411,0.9687676097352126,0.9394270572576411,0.9687676097352126
203,1,1,1,0.9252152315903853,0.9611551128505064,0.9252152315903853,0.9611551128505064
204,1,1,1,0.8563908487301451,0.9226406705419335,0.8563908487301451,0.9226406705419335
205,1,1,1,0.8204570184983678,0.9013747758517633,0.8204570184983678,0.9013747758517633
206,1,1,1,0.8233383952056837,0.9031109062043375,0.8233383952056837,0.9031109062043375
207,1,0,0,0.0,0.0,0.0,0.0
208,1,2,2,0.6861350443813936,0.8138553868122962,0.6861350443813936,0.8138553868122962
209,1,1,1,0.689100996318513,0.8159381799199052,0.689100996318513,0.8159381799199052
210,1,0,0,0.0,0.0,0.0,0.0
211,1,1,1,0.7668913081043719,0.8680684596577017,0.7668913081043719,0.8680684596577017
212,1,1,1,0.906467523169325,0.9509393809787088,0.906467523169325,0.9509393809787088
213,1,1,1,0.9143596731940737,0.9552642442247872,0.9143596731940737,0.9552642442247872
214,1,1,1,0.8846942281942816,0.9388199050642859,0.8846942281942816,0.9388199050642859
215,1,1,1,0.9195515113203466,0.9580899558020626,0.9195515113203466,0.9580899558020626
216,1,1,1,0.9118191491720056,0.953875945396726,0.9118191491720056,0.953875945396726
217,1,1,1,0.7220021247399406,0.8385612472446612,0.7220021247399406,0.8385612472446612
218,1,1,1,0.9482742226870781,0.9734504636408003,0.9482742226870781,0.9734504636408003
219,1,1,1,0.9447006967154842,0.9715641057886625,0.9447006967154842,0.9715641057886625
220,1,1,1,0.9212027388443143,0.9589854524134784,0.9212027388443143,0.9589854524134784
221,1,1,1,0.7953401241072474,0.8860049563062475,0.7953401241072474,0.8860049563062475
222,1,1,1,0.9349545178896301,0.9663839736236735,0.9349545178896301,0.9663839736236735
223,1,1,1,0.9393161971483547,0.9687086598147959,0.9393161971483547,0.9687086598147959
224,1,1,1,0.9332466620250279,0.9654708634515113,0.9332466620250279,0.9654708634515113
225,1,1,1,0.9401352219536819,0.9691440177112833,0.9401352219536819,0.9691440177112833
226,1,1,1,0.9228955392159834,0.9599018983550952,0.9228955392159834,0.9599018983550952
227,1,1,1,0.9131536581002921,0.9546056629941874,0.9131536581002921,0.9546056629941874
228,1,1,1,0.9229684480875628,0.9599413334165483,0.9229684480875628,0.9599413334165483
229,1,2,2,0.8882950019272774,0.9408434603921996,0.8882950019272774,0.9408434603921996
230,1,2,2,0.5766713824753117,0.7315048511503525,0.5766713824753117,0.7315048511503525
231,1,2,2,0.5128907042090322,0.6780274381779365,0.5128907042090322,0.6780274381779365
232,1,2,2,0.6136112605851199,0.7605440982887232,0.6136112605851199,0.7605440982887232
233,1,2,2,0.7517586466795075,0.8582902080768725,0.7517586466795075,0.8582902080768725
234,1,1,1,0.9033264640972801,0.9492081165652416,0.9033264640972801,0.9492081165652416
235,1,1,1,0.5545302199221893,0.7134376840225671,0.5545302199221893,0.7134376840225671
236,1,1,1,0.8659772364740423,0.9281755635030106,0.8659772364740423,0.9281755635030106
237,1,1,1,0.7934306069324565,0.8848188537270105,0.7934306069324565,0.8848188537270105
238,1,1,1,0.8242323495279616,0.9036484302465527,0.8242323495279616,0.9036484302465527
239,1,1,1,0.8526273585677582,0.9204520861949412,0.8526273585677582,0.9204520861949412
240,1,1,1,0.8118521038025371,0.8961571445028009,0.8118521038025371,0.8961571445028009
243,1,1,1,0.7709698066392205,0.8706752692777912,0.7709698066392205,0.8706752692777912
244,1,1,1,0.8063697541075759,0.892806970747755,0.8063697541075759,0.892806970747755
245,1,1,1,0.9503057493653505,0.9745197640673415,0.9503057493653505,0.9745197640673415
246,1,1,1,0.9490984884695852,0.9738845872430069,0.9490984884695852,0.9738845872430069
247,1,1,1,0.7971304665018442,0.8871147435984177,0.7971304665018442,0.8871147435984177
248,1,1,1,0.7746288904746594,0.8730038090019708,0.7746288904746594,0.8730038090019708
249,1,1,1,0.8469062801638634,0.9171080192425608,0.8469062801638634,0.9171080192425608
250,1,1,1,0.9222705871901927,0.9595637506354268,0.9222705871901927,0.9595637506354268
251,1,1,1,0.9278270937861829,0.9625625625625626,0.9278270937861829,0.9625625625625626
252,1,2,2,0.7780834407520357,0.8751933940996013,0.7780834407520357,0.8751933940996013
253,1,1,1,0.6417266712964655,0.7817704158874343,0.6417266712964655,0.7817704158874343
256,1,1,1,0.8248078073519827,0.9039941675270217,0.8248078073519827,0.9039941675270217
257,1,0,0,0.0,0.0,0.0,0.0
258,1,0,0,0.0,0.0,0.0,0.0
262,1,0,0,0.0,0.0,0.0,0.0
263,1,0,0,0.0,0.0,0.0,0.0
264,1,2,2,0.5819523960845806,0.7357394540125795,0.5819523960845806,0.7357394540125795
265,1,0,0,0.0,0.0,0.0,0.0
266,1,1,1,0.6447756717529042,0.7840287071680001,0.6447756717529042,0.7840287071680001
267,1,1,1,0.5507635061988978,0.7103126995152,0.5507635061988978,0.7103126995152
268,1,0,0,0.0,0.0,0.0,0.0
269,1,1,1,0.21624652522036636,0.355596535301403,0.21624652522036636,0.355596535301403
270,1,1,1,0.14442545674484691,0.2523981896656586,0.14442545674484691,0.2523981896656586
271,1,2,2,0.04561645349173695,0.08725274614684023,0.04561645349173695,0.08725274614684023
272,1,0,0,0.0,0.0,0.0,0.0
273,1,0,0,0.0,0.0,0.0,0.0
274,1,0,0,0.0,0.0,0.0,0.0
275,1,0,0,0.0,0.0,0.0,0.0
276,1,0,0,0.0,0.0,0.0,0.0
277,1,1,1,0.7852053841519091,0.8796807259518027,0.7852053841519091,0.8796807259518027
278,1,1,1,0.7983518614270941,0.8878705870091036,0.7983518614270941,0.8878705870091036
279,1,1,1,0.78668483627602,0.880608398642599,0.78668483627602,0.880608398642599
280,1,1,1,0.7624429309183445,0.8652114829284865,0.7624429309183445,0.8652114829284865
281,1,1,1,0.7580855358306448,0.8623989224420429,0.7580855358306448,0.8623989224420429
282,1,1,1,0.7478754856585608,0.8557537327972511,0.7478754856585608,0.8557537327972511
283,1,1,1,0.7286204445938821,0.8430080147120583,0.7286204445938821,0.8430080147120583
284,1,0,0,0.0,0.0,0.0,0.0
287,1,0,0,0.0,0.0,0.0,0.0
288,1,0,0,0.0,0.0,0.0,0.0
289,1,0,0,0.0,0.0,0.0,0.0
290,1,0,0,0.0,0.0,0.0,0.0
293,1,1,1,0.7604168560089672,0.8639054476368793,0.7604168560089672,0.8639054476368793
294,1,1,1,0.7310979736812157,0.8446638893886759,0.7310979736812157,0.8446638893886759
295,1,0,0,0.0,0.0,0.0,0.0
296,1,1,1,0.5625433503582012,0.7200355116281958,0.5625433503582012,0.7200355116281958
297,1,1,1,0.7692357371380879,0.8695683915840431,0.7692357371380879,0.8695683915840431
298,1,1,1,0.8589137557673613,0.9241028564155209,0.8589137557673613,0.9241028564155209
299,1,1,1,0.8632284154620997,0.9265943008367122,0.8632284154620997,0.9265943008367122
300,1,1,1,0.8881190342504212,0.9407447498171134,0.8881190342504212,0.9407447498171134
301,1,1,1,0.9209346064814815,0.958840143099228,0.9209346064814815,0.958840143099228
302,1,1,1,0.9212863538747134,0.9590307577178474,0.9212863538747134,0.9590307577178474
303,1,1,1,0.9101438341763854,0.9529584295088654,0.9101438341763854,0.9529584295088654
304,1,1,1,0.8383456429278267,0.9120653084505285,0.8383456429278267,0.9120653084505285
305,1,1,1,0.8120224049878978,0.8962608881133798,0.8120224049878978,0.8962608881133798
306,1,1,1,0.8558932660811085,0.9223518202513951,0.8558932660811085,0.9223518202513951
307,1,1,1,0.8299792377280142,0.9070914255382084,0.8299792377280142,0.9070914255382084
308,1,1,1,0.8519864673341563,0.9200785020427812,0.8519864673341563,0.9200785020427812
309,1,1,1,0.9030071421646253,0.9490317951591881,0.9030071421646253,0.9490317951591881
310,1,1,1,0.9299269528920692,0.963691347487052,0.9299269528920692,0.963691347487052
311,1,1,1,0.9098061498787071,0.9527732957991464,0.9098061498787071,0.9527732957991464
312,1,1,1,0.6915203692464466,0.8176317374818385,0.6915203692464466,0.8176317374818385
313,1,1,1,0.8746228006375636,0.9331187056298498,0.8746228006375636,0.9331187056298498
314,1,1,1,0.9142882503409265,0.955225264719768,0.9142882503409265,0.955225264719768
315,1,2,2,0.7766974348337136,0.8743159297760871,0.7766974348337136,0.8743159297760871
316,1,1,1,0.8590218766949919,0.9241654307179848,0.8590218766949919,0.9241654307179848
317,1,1,1,0.8337610652384141,0.9093453678819532,0.8337610652384141,0.9093453678819532
318,1,1,1,0.8275126557078665,0.9056163338987535,0.8275126557078665,0.9056163338987535
319,1,1,1,0.8704381875815774,0.9307318395878442,0.8704381875815774,0.9307318395878442
320,1,1,1,0.8325929136417813,0.9086501507715958,0.8325929136417813,0.9086501507715958
321,1,1,1,0.8564565277026075,0.9226787860876927,0.8564565277026075,0.9226787860876927
322,1,1,1,0.8577338889895513,0.9234195425654697,0.8577338889895513,0.9234195425654697
323,1,1,1,0.7880406005056418,0.8814571663336851,0.7880406005056418,0.8814571663336851
324,1,1,1,0.7671206312743328,0.8682153529282663,0.7671206312743328,0.8682153529282663
325,1,1,1,0.7472946487809714,0.8553733616735262,0.7472946487809714,0.8553733616735262
326,1,1,1,0.7625448504479355,0.865277102315032,0.7625448504479355,0.865277102315032
327,1,1,1,0.7913653828699362,0.8835331869616618,0.7913653828699362,0.8835331869616618
328,1,1,1,0.821148510542391,0.9017919250284856,0.821148510542391,0.9017919250284856
329,1,1,1,0.7911315126505,0.8833874085323761,0.7911315126505,0.8833874085323761
330,1,1,1,0.8258999061763427,0.9046497054768768,0.8258999061763427,0.9046497054768768
331,1,1,1,0.9089102457094254,0.9522818034554987,0.9089102457094254,0.9522818034554987
332,1,1,1,0.7540135421899956,0.8597579483321007,0.7540135421899956,0.8597579483321007
333,1,1,1,0.7610146255746844,0.8642910905141825,0.7610146255746844,0.8642910905141825
334,1,1,1,0.7257079926775725,0.841055376409979,0.7257079926775725,0.841055376409979
335,1,2,2,0.3017654939117029,0.46362496981683127,0.3017654939117029,0.46362496981683127
336,1,1,1,0.47434448543261476,0.6434649298307357,0.47434448543261476,0.6434649298307357
338,1,1,1,0.16523973818347035,0.2836150068844509,0.16523973818347035,0.2836150068844509
339,1,1,1,0.3282800539333538,0.49429343301698814,0.3282800539333538,0.49429343301698814
340,1,1,1,0.33832155662571073,0.5055908349540683,0.33832155662571073,0.5055908349540683
344,1,1,1,0.11462176785427818,0.20566935109285148,0.11462176785427818,0.20566935109285148
346,1,0,0,0.0,0.0,0.0,0.0
348,1,1,1,0.029603622653553832,0.05750489217832717,0.029603622653553832,0.05750489217832717
349,1,0,0,0.0,0.0,0.0,0.0
368,1,0,0,0.0,0.0,0.0,0.0
369,1,1,1,0.0891188435562226,0.1636531111062759,0.0891188435562226,0.1636531111062759
371,1,2,2,0.22795284849197484,0.37127296666467174,0.22795284849197484,0.37127296666467174
372,1,4,4,0.29930800774575694,0.460719099646039,0.29930800774575694,0.460719099646039
373,1,1,1,0.6912050662182048,0.8174113004094126,0.6912050662182048,0.8174113004094126
374,1,1,1,0.42792709624667,0.59936826939062,0.42792709624667,0.59936826939062
376,1,1,1,0.9307731146623517,0.9641455099970384,0.9307731146623517,0.9641455099970384
380,1,1,1,0.9358953273760576,0.9668862919821027,0.9358953273760576,0.9668862919821027
381,1,1,1,0.9392810441390541,0.9686899657765169,0.9392810441390541,0.9686899657765169
382,1,1,1,0.9463164438918247,0.9724178684937633,0.9463164438918247,0.9724178684937633
383,1,1,1,0.9386245353159851,0.9683407160252354,0.9386245353159851,0.9683407160252354
385,1,1,1,0.8998278996821696,0.9472730659789823,0.8998278996821696,0.9472730659789823
386,1,1,1,0.900555819155426,0.9476762640474483,0.900555819155426,0.9476762640474483
387,1,1,1,0.9248582712738825,0.9609624615757355,0.9248582712738825,0.9609624615757355
388,1,1,1,0.9259527219572696,0.9615529097892501,0.9259527219572696,0.9615529097892501
416,1,1,1,0.7915474032010161,0.883646619438294,0.7915474032010161,0.883646619438294
417,1,1,1,0.7766367261605173,0.8742774645201711,0.7766367261605173,0.8742774645201711
418,1,1,1,0.7509295022199762,0.8577495567558653,0.7509295022199762,0.8577495567558653
419,1,1,1,0.7740603523855313,0.8726426373766519,0.7740603523855313,0.8726426373766519
421,1,1,1,0.7952008725686239,0.8859185450715921,0.7952008725686239,0.8859185450715921
422,1,1,1,0.7917932995249597,0.8837998219268707,0.7917932995249597,0.8837998219268707
423,1,1,1,0.8006388010695448,0.8892830706457961,0.8006388010695448,0.8892830706457961
425,1,1,1,0.8395455269928732,0.912774937802478,0.8395455269928732,0.912774937802478
426,1,1,1,0.8452783054079422,0.9161526507201564,0.8452783054079422,0.9161526507201564
427,1,1,1,0.6378399913078121,0.7788794933484291,0.6378399913078121,0.7788794933484291
428,1,1,1,0.47800882167611847,0.6468281036834925,0.47800882167611847,0.6468281036834925
431,1,1,1,0.8344001757726673,0.9097253552335818,0.8344001757726673,0.9097253552335818
432,1,1,1,0.5694265546911227,0.7256491907685236,0.5694265546911227,0.7256491907685236
433,1,1,1,0.9186290119835749,0.9575889932299628,0.9186290119835749,0.9575889932299628
434,1,1,1,0.8980022446689113,0.9462604664364445,0.8980022446689113,0.9462604664364445
435,1,1,1,0.39409175646093275,0.5653742009943182,0.39409175646093275,0.5653742009943182
436,1,1,1,0.056229160351621704,0.10647151671688908,0.056229160351621704,0.10647151671688908
437,1,1,1,0.5089465500068076,0.674572005223792,0.5089465500068076,0.674572005223792
438,1,0,0,0.0,0.0,0.0,0.0
439,1,0,0,0.0,0.0,0.0,0.0
440,1,1,1,0.8215465305833156,0.9020318908024062,0.8215465305833156,0.9020318908024062
441,1,0,0,0.0,0.0,0.0,0.0
442,1,0,0,0.0,0.0,0.0,0.0
443,1,1,1,0.7649822053863615,0.8668440996762389,0.7649822053863615,0.8668440996762389
447,1,1,1,0.8306102655923605,0.9074681609780948,0.8306102655923605,0.9074681609780948
448,1,0,0,0.0,0.0,0.0,0.0
450,1,0,0,0.0,0.0,0.0,0.0
451,1,1,1,0.5158920051533985,0.6806447997609085,0.5158920051533985,0.6806447997609085
453,1,0,0,0.0,0.0,0.0,0.0
455,1,1,1,0.7827692159196937,0.8781498008040028,0.7827692159196937,0.8781498008040028
457,1,2,2,0.8954150222487774,0.9448221225834015,0.8954150222487774,0.9448221225834015
462,1,1,1,0.9076994512452512,0.9516168290060053,0.9076994512452512,0.9516168290060053
463,1,1,1,0.8446415423285573,0.9157785108345071,0.8446415423285573,0.9157785108345071
464,1,1,1,0.8712899188568681,0.9312185248014598,0.8712899188568681,0.9312185248014598
470,1,1,1,0.6925690912766918,0.8183643372032656,0.6925690912766918,0.8183643372032656
471,1,1,1,0.738010692155674,0.8492590931535768,0.738010692155674,0.8492590931535768
472,1,0,0,0.0,0.0,0.0,0.0
473,1,0,0,0.0,0.0,0.0,0.0
474,1,0,0,0.0,0.0,0.0,0.0
476,1,1,1,0.8326391336387812,0.9086776751138579,0.8326391336387812,0.9086776751138579
487,1,1,1,0.6210346078257716,0.7662200483908734,0.6210346078257716,0.7662200483908734
488,1,0,0,0.0,0.0,0.0,0.0
489,1,1,1,0.4717666550136037,0.6410889299693274,0.4717666550136037,0.6410889299693274
490,1,0,0,0.0,0.0,0.0,0.0
491,1,0,0,0.0,0.0,0.0,0.0
492,1,0,0,0.0,0.0,0.0,0.0
493,1,1,1,0.7453910165049883,0.8541249604888842,0.7453910165049883,0.8541249604888842
494,1,1,1,0.757167446823425,0.8618045459380873,0.757167446823425,0.8618045459380873
495,1,1,1,0.9165055750583796,0.9564340297110395,0.9165055750583796,0.9564340297110395
496,1,1,1,0.8860995994187343,0.939610611965366,0.8860995994187343,0.939610611965366
497,1,1,1,0.9346612588677539,0.9662272964671422,0.9346612588677539,0.9662272964671422
498,1,1,1,0.946119119390831,0.9723136779900531,0.946119119390831,0.9723136779900531
500,1,2,2,0.9575438366919654,0.9783115133810844,0.9575438366919654,0.9783115133810844
501,1,1,1,0.9592747214099165,0.9792141050231195,0.9592747214099165,0.9792141050231195
502,1,1,1,0.8978016641305404,0.9461490956610153,0.8978016641305404,0.9461490956610153
503,1,1,1,0.7960795676438353,0.8864635865638875,0.7960795676438353,0.8864635865638875
505,1,1,1,0.8101919638128586,0.8951448023295036,0.8101919638128586,0.8951448023295036
507,1,0,0,0.0,0.0,0.0,0.0
508,1,0,0,0.0,0.0,0.0,0.0
510,1,0,0,0.0,0.0,0.0,0.0
511,1,0,0,0.0,0.0,0.0,0.0
547,1,3,3,0.15562475155691002,0.2693344034856389,0.15562475155691002,0.2693344034856389
548,1,3,3,0.09143548838763878,0.16755088021320444,0.09143548838763878,0.16755088021320444
549,1,4,4,0.12626676602086437,0.2242217737933772,0.12626676602086437,0.2242217737933772
551,1,2,2,0.06001916431952147,0.11324165890538541,0.06001916431952147,0.11324165890538541
556,1,1,1,0.8509452627948557,0.9194710182946861,0.8509452627948557,0.9194710182946861
557,1,1,1,0.8656900636954152,0.9280105849743585,0.8656900636954152,0.9280105849743585
558,1,1,1,0.8528434188716578,0.920577972412824,0.8528434188716578,0.920577972412824
559,1,1,1,0.8706289790397753,0.9308408976821085,0.8706289790397753,0.9308408976821085
560,1,1,1,0.8974884426408062,0.9459751347857884,0.8974884426408062,0.9459751347857884
561,1,1,1,0.9241980157392616,0.9606059336717402,0.9241980157392616,0.9606059336717402
563,1,1,1,0.9437949873609145,0.9710849070994905,0.9437949873609145,0.9710849070994905
564,1,1,1,0.826333671932467,0.904909858074415,0.826333671932467,0.904909858074415
565,1,1,1,0.8648257474766711,0.9275137354220706,0.8648257474766711,0.9275137354220706
566,1,1,1,0.8593878017004016,0.9243771535066493,0.8593878017004016,0.9243771535066493
567,1,1,1,0.8753738320855686,0.9335459598602606,0.8753738320855686,0.9335459598602606
570,1,1,1,0.8408814498163646,0.9135639341688689,0.8408814498163646,0.9135639341688689
571,1,1,1,0.8516605166051661,0.9198884017536867,0.8516605166051661,0.9198884017536867
574,1,1,1,0.8735033407148431,0.9324812203233694,0.8735033407148431,0.9324812203233694
575,1,1,1,0.857370496588756,0.9232089108375539,0.857370496588756,0.9232089108375539
576,1,1,1,0.8380625714582683,0.9118977606876272,0.8380625714582683,0.9118977606876272
577,1,2,2,0.7693343413615581,0.8696313900396364,0.7693343413615581,0.8696313900396364
578,1,2,2,0.6718736274997804,0.803737335703465,0.6718736274997804,0.803737335703465
579,1,1,1,0.638094531301537,0.7790692406433264,0.638094531301537,0.7790692406433264
580,1,1,1,0.704987137841035,0.8269706230555326,0.704987137841035,0.8269706230555326
581,1,1,1,0.6843564318964539,0.8126028659218191,0.6843564318964539,0.8126028659218191
582,1,1,1,0.631691334830225,0.7742779793531863,0.631691334830225,0.7742779793531863
583,1,1,1,0.6251798830059618,0.7693669969008206,0.6251798830059618,0.7693669969008206
584,1,1,1,0.8543558694920955,0.9214583711228006,0.8543558694920955,0.9214583711228006
585,1,1,1,0.44450225459590703,0.6154400288149838,0.44450225459590703,0.6154400288149838
586,1,2,2,0.6077964601769912,0.7560614483627898,0.6077964601769912,0.7560614483627898
592,1,2,2,0.6721591767596842,0.8039416176421631,0.6721591767596842,0.8039416176421631
593,1,2,2,0.7227760044546574,0.8390829714202471,0.7227760044546574,0.8390829714202471
594,1,0,0,0.0,0.0,0.0,0.0
595,1,2,2,0.6888625447825594,0.8157710015071123,0.6888625447825594,0.8157710015071123
596,1,1,1,0.5148567038307604,0.679743110392942,0.5148567038307604,0.679743110392942
597,1,2,2,0.7511685623832534,0.8579054906752669,0.7511685623832534,0.8579054906752669
630,1,1,1,0.8907412815135346,0.9422138186991907,0.8907412815135346,0.9422138186991907
631,1,1,1,0.8334537506999259,0.9091625576939181,0.8334537506999259,0.9091625576939181
632,1,1,1,0.8155278668704136,0.8983920123200436,0.8155278668704136,0.8983920123200436
633,1,1,1,0.807451247957095,0.8934694630018172,0.807451247957095,0.8934694630018172
634,1,1,1,0.7904451935371382,0.8829593850628441,0.7904451935371382,0.8829593850628441
637,1,1,1,0.9499603908106681,0.9743381407001152,0.9499603908106681,0.9743381407001152
638,1,1,1,0.9576475968580239,0.9783656653986393,0.9576475968580239,0.9783656653986393
639,1,1,1,0.9209190311083679,0.9588317010707097,0.9209190311083679,0.9588317010707097
640,1,1,1,0.8964440922951331,0.9453946951952903,0.8964440922951331,0.9453946951952903
648,1,1,1,0.8873562646533871,0.9403166548593835,0.8873562646533871,0.9403166548593835
649,1,1,1,0.8705779114955497,0.9308117092000858,0.8705779114955497,0.9308117092000858
650,1,1,1,0.7234706867671692,0.8395509042561463,0.7234706867671692,0.8395509042561463
651,1,1,1,0.6831810165143498,0.811773671175462,0.6831810165143498,0.811773671175462
653,1,1,1,0.7122340173290971,0.8319353664519601,0.7122340173290971,0.8319353664519601
667,1,1,1,0.7505013171863327,0.8574701541986276,0.7505013171863327,0.8574701541986276
668,1,2,2,0.5873771172283924,0.7400599528031124,0.5873771172283924,0.7400599528031124
669,1,1,1,0.7414817984033208,0.8515527398370158,0.7414817984033208,0.8515527398370158
670,1,1,1,0.7555756168859084,0.8607725120108134,0.7555756168859084,0.8607725120108134
671,1,1,1,0.7551088861496147,0.8604695607304278,0.7551088861496147,0.8604695607304278
672,1,1,1,0.7789919878470095,0.875767842877999,0.7789919878470095,0.875767842877999
673,1,1,1,0.7839518211390993,0.8788934901151375,0.7839518211390993,0.8788934901151375
675,1,1,1,0.6149115259436609,0.761542061054202,0.6149115259436609,0.761542061054202
676,1,1,1,0.6486622696496264,0.7868952684742159,0.6486622696496264,0.7868952684742159
679,1,1,1,0.4501341736625717,0.6208172758603128,0.4501341736625717,0.6208172758603128
680,1,2,2,0.912676687238702,0.9543449693594764,0.912676687238702,0.9543449693594764
681,1,2,2,0.9125990373323188,0.9543025166479288,0.9125990373323188,0.9543025166479288
682,1,2,2,0.9160061312983107,0.9561620042182359,0.9160061312983107,0.9561620042182359
683,1,3,3,0.9153110471908664,0.955783185747639,0.9153110471908664,0.955783185747639
685,1,1,1,0.9019217257699642,0.9484320133152009,0.9019217257699642,0.9484320133152009
686,1,1,1,0.8882397457242319,0.9408124659335022,0.8882397457242319,0.9408124659335022
687,1,1,1,0.8599450852819602,0.9246994355767186,0.8599450852819602,0.9246994355767186
691,1,1,1,0.6200762670529287,0.7654902175450121,0.6200762670529287,0.7654902175450121
692,1,2,2,0.8943567961165049,0.9442326788173868,0.8943567961165049,0.9442326788173868
693,1,2,2,0.825456326966901,0.9043835393623942,0.825456326966901,0.9043835393623942
694,1,2,2,0.8134055967260259,0.8971027752363525,0.8134055967260259,0.8971027752363525
695,1,2,2,0.7937574429921931,0.8850220480959953,0.7937574429921931,0.8850220480959953
696,1,1,1,0.4080965898778106,0.5796428921303243,0.4080965898778106,0.5796428921303243
697,1,2,2,0.7861770585574411,0.8802901759273253,0.7861770585574411,0.8802901759273253
698,1,2,2,0.6856384011626087,0.8135059105081067,0.6856384011626087,0.8135059105081067
699,1,2,2,0.5825821494675609,0.7362425383902669,0.5825821494675609,0.7362425383902669
700,1,2,2,0.7684064586827145,0.8690382857514559,0.7684064586827145,0.8690382857514559
701,1,1,1,0.8116305558840554,0.8960221533556424,0.8116305558840554,0.8960221533556424
702,1,1,1,0.8586646943952458,0.923958686022849,0.8586646943952458,0.923958686022849
703,1,1,1,0.7004570828638738,0.8238456470588236,0.7004570828638738,0.8238456470588236
704,1,1,1,0.8300262838932847,0.907119521941999,0.8300262838932847,0.907119521941999
707,1,1,1,0.8382783785223459,0.9120254998551145,0.8382783785223459,0.9120254998551145
711,1,1,1,0.7898277831845301,0.8825740561242582,0.7898277831845301,0.8825740561242582
712,1,1,1,0.8127193850917143,0.8966852694087506,0.8127193850917143,0.8966852694087506
713,1,1,1,0.6546063176259768,0.7912532554151052,0.6546063176259768,0.7912532554151052
714,1,1,1,0.617655152361618,0.7636425494765087,0.617655152361618,0.7636425494765087
724,1,1,1,0.26116704350451836,0.41416725064237325,0.26116704350451836,0.41416725064237325
726,1,1,1,0.7201121011389146,0.8372850823642441,0.7201121011389146,0.8372850823642441
728,1,3,3,0.15978221802159184,0.27553831320875993,0.15978221802159184,0.27553831320875993
729,1,3,3,0.13928920485317828,0.2445194850610889,0.13928920485317828,0.2445194850610889
732,1,3,3,0.17030246724839476,0.29104008923233066,0.17030246724839476,0.29104008923233066
733,1,3,3,0.17162610554158253,0.29297077750285977,0.17162610554158253,0.29297077750285977
735,1,2,2,0.6912992516454783,0.8174771566568221,0.6912992516454783,0.8174771566568221
736,1,3,3,0.8159157877894961,0.8986273408445947,0.8159157877894961,0.8986273408445947
737,1,1,1,0.8921252409235731,0.9429875165008783,0.8921252409235731,0.9429875165008783
738,1,1,1,0.8813518147050453,0.9369346103330726,0.8813518147050453,0.9369346103330726
745,1,1,1,0.9357672486899041,0.966817936736161,0.9357672486899041,0.966817936736161
746,1,1,1,0.9421650535274556,0.9702214050409868,0.9421650535274556,0.9702214050409868
749,1,1,1,0.7946726847695083,0.8855906611979988,0.7946726847695083,0.8855906611979988
750,1,1,1,0.7547827329448934,0.860257761572807,0.7547827329448934,0.860257761572807
751,1,1,1,0.797137576491784,0.8871191464905951,0.797137576491784,0.8871191464905951
752,1,1,1,0.7865654170543567,0.8805335752566235,0.7865654170543567,0.8805335752566235
753,1,1,1,0.7850626645754493,0.8795911540306232,0.7850626645754493,0.8795911540306232
754,1,1,1,0.8343365498439573,0.9096875378893066,0.8343365498439573,0.9096875378893066
755,1,1,1,0.8572580645161291,0.9231437255753365,0.8572580645161291,0.9231437255753365
756,1,1,1,0.857936862403142,0.9235371553944481,0.857936862403142,0.9235371553944481
758,1,1,1,0.8312049492025654,0.9078229605752541,0.8312049492025654,0.9078229605752541
760,1,2,2,0.8766825844497148,0.9342896787277191,0.8766825844497148,0.9342896787277191
762,1,2,2,0.6963669112846772,0.8210097787834247,0.6963669112846772,0.8210097787834247
763,1,2,2,0.8027905022742513,0.8906087548847381,0.8027905022742513,0.8906087548847381
764,1,2,2,0.7678113669430268,0.868657574332445,0.7678113669430268,0.868657574332445
766,1,2,2,0.8250405491750905,0.9041339377889492,0.8250405491750905,0.9041339377889492
767,1,2,2,0.8037868577627297,0.8912215479379658,0.8037868577627297,0.8912215479379658
768,1,2,2,0.8322381601089831,0.9084388462463645,0.8322381601089831,0.9084388462463645
769,1,2,2,0.7372922900079449,0.8487832407344341,0.7372922900079449,0.8487832407344341
771,1,2,2,0.6498514134145443,0.7877696235318636,0.6498514134145443,0.7877696235318636
772,1,2,2,0.5935886005285268,0.7449709421009391,0.5935886005285268,0.7449709421009391
773,1,2,2,0.6310421286031042,0.7737901033170201,0.6310421286031042,0.7737901033170201
796,1,1,1,0.8088321375411838,0.8943142050103786,0.8088321375411838,0.8943142050103786
797,1,1,1,0.8643795522212316,0.9272570611401582,0.8643795522212316,0.9272570611401582
798,1,1,1,0.8616534322089513,0.9256861855179495,0.8616534322089513,0.9256861855179495
800,1,1,1,0.8403072120913422,0.913224929588152,0.8403072120913422,0.913224929588152
802,1,1,1,0.81491397042019,0.8980193923258198,0.81491397042019,0.8980193923258198
803,1,1,1,0.8259264165314435,0.9046656087055089,0.8259264165314435,0.9046656087055089
807,1,2,2,0.8657482601048565,0.9280440224622809,0.8657482601048565,0.9280440224622809
808,1,2,2,0.8597687592404937,0.9245974855407427,0.8597687592404937,0.9245974855407427
809,1,2,2,0.8512315352422544,0.9196381101306824,0.8512315352422544,0.9196381101306824
816,1,1,1,0.7566317677241516,0.8614574569654116,0.7566317677241516,0.8614574569654116
817,1,1,1,0.8774652102349244,0.9347339225797197,0.8774652102349244,0.9347339225797197
818,1,1,1,0.6840692349415375,0.8124003701846438,0.6840692349415375,0.8124003701846438
819,1,1,1,0.5957470739630681,0.7466685462671963,0.5957470739630681,0.7466685462671963
820,1,1,1,0.48985120332927645,0.6575840624011806,0.48985120332927645,0.6575840624011806
821,1,1,1,0.4266027262112158,0.5980680092266347,0.4266027262112158,0.5980680092266347
824,1,1,1,0.8659085700419268,0.9281361197911963,0.8659085700419268,0.9281361197911963
825,1,1,1,0.8534831615594085,0.9209505424816911,0.8534831615594085,0.9209505424816911
827,1,1,1,0.050732240760170834,0.09656549745436134,0.050732240760170834,0.09656549745436134
828,1,1,1,0.050598995801156885,0.09632408940686552,0.050598995801156885,0.09632408940686552
829,1,1,1,0.8509909503538101,0.9194976887284579,0.8509909503538101,0.9194976887284579
832,1,1,1,0.8807660227538118,0.9366035031451673,0.8807660227538118,0.9366035031451673
833,1,2,2,0.569829795623316,0.7259765322482743,0.569829795623316,0.7259765322482743
834,1,1,1,0.5819413415077674,0.7357306193832852,0.5819413415077674,0.7357306193832852
838,1,1,1,0.8903901945070851,0.9420173645571118,0.8903901945070851,0.9420173645571118
845,1,1,1,0.8957319591331047,0.944998531905019,0.8957319591331047,0.944998531905019
846,1,2,2,0.7058862117146962,0.8275888589370383,0.7058862117146962,0.8275888589370383
848,1,2,2,0.7130407384813402,0.8324854423642852,0.7130407384813402,0.8324854423642852
849,1,1,1,0.9453315072907436,0.9718975956003545,0.9453315072907436,0.9718975956003545
852,1,1,1,0.9305978307889542,0.9640514621407794,0.9305978307889542,0.9640514621407794
853,1,1,1,0.9264795534618582,0.9618368923739541,0.9264795534618582,0.9618368923739541
855,1,1,1,0.7771671325468644,0.8746134432872428,0.7771671325468644,0.8746134432872428
856,1,1,1,0.7776735835597554,0.8749340607317568,0.7776735835597554,0.8749340607317568
857,1,1,1,0.7632533852553324,0.8657330723284646,0.7632533852553324,0.8657330723284646
865,1,1,1,0.749952496933893,0.8571118338902243,0.749952496933893,0.8571118338902243
866,1,1,1,0.6997408526120684,0.8233500436690041,0.6997408526120684,0.8233500436690041
867,1,1,1,0.6907113185730804,0.8170659425832958,0.6907113185730804,0.8170659425832958
868,1,1,1,0.6925816023738872,0.8183730715287517,0.6925816023738872,0.8183730715287517
869,1,1,1,0.6941087255320157,0.8194382273948075,0.6941087255320157,0.8194382273948075
872,1,2,2,0.8800787945060996,0.9362147981008403,0.8800787945060996,0.9362147981008403
874,1,1,1,0.08710124430349005,0.16024495374264086,0.08710124430349005,0.16024495374264086
875,1,3,3,0.5641995458416122,0.7213907552160126,0.5641995458416122,0.7213907552160126
877,1,1,1,0.1335389645637361,0.2356142466000383,0.1335389645637361,0.2356142466000383
878,1,3,3,0.2572458052261928,0.40922117879711095,0.2572458052261928,0.40922117879711095
884,1,2,2,0.6221200208643436,0.7670456105126526,0.6221200208643436,0.7670456105126526
885,1,2,2,0.606368323939034,0.7549555290683724,0.606368323939034,0.7549555290683724
886,1,1,1,0.47786023500309216,0.6466920533958237,0.47786023500309216,0.6466920533958237
887,1,4,4,0.2555050505050505,0.40701556780240555,0.2555050505050505,0.40701556780240555
888,1,4,4,0.21646892287060665,0.3558971689301955,0.21646892287060665,0.3558971689301955
890,1,4,4,0.1765023117149107,0.3000458391919941,0.1765023117149107,0.3000458391919941
892,1,3,3,0.16051951912893217,0.2766338979794422,0.16051951912893217,0.2766338979794422
893,1,3,3,0.13413999156976023,0.23654926652237598,0.13413999156976023,0.23654926652237598
894,1,1,1,0.8389565829410989,0.9124267432125344,0.8389565829410989,0.9124267432125344
895,1,1,1,0.7596703980099503,0.8634235125726706,0.7596703980099503,0.8634235125726706
896,1,1,1,0.7135664424018446,0.83284362338663,0.7135664424018446,0.83284362338663
897,1,1,1,0.6819393524938422,0.8108964826617776,0.6819393524938422,0.8108964826617776
898,1,2,2,0.7051623779382296,0.8270911756695754,0.7051623779382296,0.8270911756695754
899,1,0,0,0.0,0.0,0.0,0.0
902,1,1,1,0.5651834964558521,0.7221945512914418,0.5651834964558521,0.7221945512914418
903,1,1,1,0.6611068841179001,0.7959835582392021,0.6611068841179001,0.7959835582392021
904,1,1,1,0.6563173922703925,0.7925019628885829,0.6563173922703925,0.7925019628885829
906,1,1,1,0.922766290039491,0.95983198251363,0.922766290039491,0.95983198251363
912,1,1,1,0.8729652241373494,0.932174514387388,0.8729652241373494,0.932174514387388
913,1,1,1,0.8882682331924834,0.9408284454276857,0.8882682331924834,0.9408284454276857
921,1,2,2,0.6231984778149627,0.767864788357699,0.6231984778149627,0.767864788357699
922,1,0,0,0.0,0.0,0.0,0.0
924,1,2,2,0.6229155858593345,0.7676500136998813,0.6229155858593345,0.7676500136998813
926,1,1,1,0.8673614099949906,0.9289700487034455,0.8673614099949906,0.9289700487034455
935,1,1,1,0.9063425725769003,0.9508706206479467,0.9063425725769003,0.9508706206479467
937,1,1,1,0.6494152829851813,0.7874490914257107,0.6494152829851813,0.7874490914257107
938,1,0,0,0.0,0.0,0.0,0.0
939,1,1,1,0.6982925317863835,0.8223465848393862,0.6982925317863835,0.8223465848393862
945,1,0,0,0.0,0.0,0.0,0.0
948,1,0,0,0.0,0.0,0.0,0.0
949,1,1,1,0.8314349604744561,0.9079601278978124,0.8314349604744561,0.9079601278978124
950,1,1,1,0.8152317930368518,0.8982123342749335,0.8152317930368518,0.8982123342749335
952,1,0,0,0.0,0.0,0.0,0.0
954,1,1,1,0.8455253154012753,0.9162977157183362,0.8455253154012753,0.9162977157183362
955,1,0,0,0.0,0.0,0.0,0.0
956,1,1,1,0.5974843716969166,0.7480315704900988,0.5974843716969166,0.7480315704900988
958,1,1,1,0.6464026244547506,0.7852303134767218,0.6464026244547506,0.7852303134767218
962,1,2,2,0.7893505937381623,0.8822760575825632,0.7893505937381623,0.8822760575825632
963,1,2,2,0.7221913509626385,0.8386888606297569,0.7221913509626385,0.8386888606297569
965,1,1,1,0.8535553454382282,0.9209925644129344,0.8535553454382282,0.9209925644129344
966,1,1,1,0.8338512918038871,0.9093990287333064,0.8338512918038871,0.9093990287333064
967,1,1,1,0.8327038904844826,0.9087162359483549,0.8327038904844826,0.9087162359483549
971,1,2,2,0.7133070231511075,0.8326668991751357,0.7133070231511075,0.8326668991751357
972,1,2,2,0.7320032791982926,0.845267775170866,0.7320032791982926,0.845267775170866
974,1,2,2,0.4887372062541631,0.6565795550765915,0.4887372062541631,0.6565795550765915
975,1,2,2,0.46738122083148986,0.6370276710596703,0.46738122083148986,0.6370276710596703
980,1,4,4,0.15878599815808905,0.27405577632191314,0.15878599815808905,0.27405577632191314
981,1,4,4,0.1655388222718378,0.28405544132656835,0.1655388222718378,0.28405544132656835
982,1,4,4,0.15260355416176663,0.26479799339634674,0.15260355416176663,0.26479799339634674
983,1,3,3,0.12173861278361738,0.21705344078603217,0.12173861278361738,0.21705344078603217
985,1,1,1,0.5445549457351545,0.7051286161606446,0.5445549457351545,0.7051286161606446
989,1,5,5,0.22093253640656474,0.36190785292168715,0.22093253640656474,0.36190785292168715
991,1,4,4,0.1721372515323366,0.2937151793568566,0.1721372515323366,0.2937151793568566
995,1,2,2,0.8036185842549174,0.8911181014326215,0.8036185842549174,0.8911181014326215
996,1,1,1,0.9351365087432302,0.9664811805452964,0.9351365087432302,0.9664811805452964
997,1,1,1,0.914518559323407,0.9553509469729026,0.914518559323407,0.9553509469729026
998,1,1,1,0.8819430744829436,0.9372685990783797,0.8819430744829436,0.9372685990783797
999,1,1,1,0.8840614685184032,0.938463509063338,0.8840614685184032,0.938463509063338
1000,1,1,1,0.8939729397293973,0.9440187037277569,0.8939729397293973,0.9440187037277569
1001,1,1,1,0.8882665348740517,0.9408274928023331,0.8882665348740517,0.9408274928023331
1002,1,1,1,0.47553174291586797,0.644556438990797,0.47553174291586797,0.644556438990797
1003,1,1,1,0.6030886888258933,0.7524083889177674,0.6030886888258933,0.7524083889177674
1004,1,1,1,0.6236523042571962,0.7682091820052699,0.6236523042571962,0.7682091820052699
1005,1,1,1,0.6422980286045613,0.7821942393127188,0.6422980286045613,0.7821942393127188
1006,1,1,1,0.8160391796755433,0.8987021742794539,0.8160391796755433,0.8987021742794539
1007,1,1,1,0.7367648308850234,0.8484336137893599,0.7367648308850234,0.8484336137893599
1008,1,1,1,0.9410111266728913,0.9696092039265009,0.9410111266728913,0.9696092039265009
1012,1,2,2,0.8726636182935109,0.932002533470199,0.8726636182935109,0.932002533470199
1013,1,1,1,0.7113598417921577,0.8313387102121231,0.7113598417921577,0.8313387102121231
1014,1,1,1,0.6912619009197999,0.817451041194571,0.6912619009197999,0.817451041194571
1015,1,2,2,0.9133597373977099,0.9547182576758272,0.9133597373977099,0.9547182576758272
1021,1,1,1,0.7758903254337817,0.8738043271273089,0.7758903254337817,0.8738043271273089
1022,1,1,1,0.8508800336084441,0.9194329380166071,0.8508800336084441,0.9194329380166071
1023,1,1,1,0.8239795029107261,0.9034964500377453,0.8239795029107261,0.9034964500377453
1024,1,2,2,0.701133547652535,0.8243133510829392,0.701133547652535,0.8243133510829392
1025,1,2,2,0.7491434010152285,0.8565831716032141,0.7491434010152285,0.8565831716032141
1026,1,2,2,0.7533628732452421,0.8593348071193811,0.7533628732452421,0.8593348071193811
1027,1,2,2,0.7056990722440533,0.8274602287443598,0.7056990722440533,0.8274602287443598
1028,1,2,2,0.670970528572861,0.8030907991488301,0.670970528572861,0.8030907991488301
1029,1,2,2,0.59510103156512,0.7461609262219638,0.59510103156512,0.7461609262219638
1030,1,2,2,0.7109104465247287,0.8310317444945866,0.7109104465247287,0.8310317444945866
1031,1,1,1,0.6315418532493318,0.7741656789147899,0.6315418532493318,0.7741656789147899
1032,1,3,3,0.7387553156689565,0.8497518989723208,0.7387553156689565,0.8497518989723208
1033,1,2,2,0.7028439232579474,0.8254942377963085,0.7028439232579474,0.8254942377963085
1034,1,2,2,0.7230729922194382,0.8392830663407588,0.7230729922194382,0.8392830663407588
1035,1,1,1,0.8528045836132871,0.9205553474508054,0.8528045836132871,0.9205553474508054
1036,1,2,2,0.7684759742084438,0.8690827417685533,0.7684759742084438,0.8690827417685533
1037,1,1,1,0.8880897086123575,0.9407282975606649,0.8880897086123575,0.9407282975606649
1038,1,2,2,0.652651166831995,0.7898232608676603,0.652651166831995,0.7898232608676603
1039,1,2,2,0.6795892735459562,0.8092326906937246,0.6795892735459562,0.8092326906937246
1040,1,2,2,0.8800104195124431,0.93617610879057,0.8800104195124431,0.93617610879057
1041,1,1,1,0.8890124303414848,0.9412457176692842,0.8890124303414848,0.9412457176692842
1042,1,1,1,0.8747960091387906,0.9332172725721113,0.8747960091387906,0.9332172725721113
1043,1,1,1,0.8930612912973409,0.943510170962625,0.8930612912973409,0.943510170962625
1044,1,1,1,0.8964407944162274,0.9453928612542577,0.8964407944162274,0.9453928612542577
1045,1,1,1,0.8774752051104546,0.9347395936010047,0.8774752051104546,0.9347395936010047
1046,1,1,1,0.8726957393619543,0.9320208520998614,0.8726957393619543,0.9320208520998614
1047,1,1,1,0.8935258056499047,0.943769346035635,0.8935258056499047,0.943769346035635
1048,1,1,1,0.8855836986073351,0.9393204865542849,0.8855836986073351,0.9393204865542849
1073,1,1,1,0.49954907456225545,0.6662657235250304,0.49954907456225545,0.6662657235250304
1074,1,1,1,0.7917010411198003,0.8837423464631051,0.7917010411198003,0.8837423464631051
1075,1,1,1,0.44588404659076036,0.6167632150615496,0.44588404659076036,0.6167632150615496
1076,1,1,1,0.394229881723124,0.5655163282483898,0.394229881723124,0.5655163282483898
1077,1,1,1,0.09777207659940372,0.17812819014722028,0.09777207659940372,0.17812819014722028
1078,1,1,1,0.08249538564597393,0.15241706660346677,0.08249538564597393,0.15241706660346677
1079,1,2,2,0.13852577165863114,0.24334235571465992,0.13852577165863114,0.24334235571465992
1080,1,2,2,0.1411710968350327,0.24741442755878063,0.1411710968350327,0.24741442755878063
1081,1,2,2,0.12896660123570358,0.22846840835600266,0.12896660123570358,0.22846840835600266
1082,1,2,2,0.12145462771823658,0.21660194664380453,0.12145462771823658,0.21660194664380453
1083,1,1,1,0.08355006736165645,0.1542154255319149,0.08355006736165645,0.1542154255319149
1084,1,0,0,0.0,0.0,0.0,0.0
1085,1,2,2,0.3131938514090521,0.4769956104698423,0.3131938514090521,0.4769956104698423
1087,1,2,2,0.12585424982758261,0.22357112361010562,0.12585424982758261,0.22357112361010562
1088,1,2,2,0.17782084409991386,0.30194888295732936,0.17782084409991386,0.30194888295732936
1089,1,2,2,0.1873943088582225,0.31563956043956043,0.1873943088582225,0.31563956043956043
1090,1,2,2,0.19935794542536114,0.33244111349036404,0.19935794542536114,0.33244111349036404
1091,1,3,3,0.22120944643596996,0.36227929137226556,0.22120944643596996,0.36227929137226556
1092,1,3,3,0.26895119418483904,0.4238952536824877,0.26895119418483904,0.4238952536824877
1093,1,3,3,0.2607532500104502,0.41364676237525283,0.2607532500104502,0.41364676237525283
1094,1,3,3,0.2663258896662263,0.4206277259899085,0.2663258896662263,0.4206277259899085
1095,1,1,1,0.6767933716113089,0.8072471934463179,0.6767933716113089,0.8072471934463179
1096,1,1,1,0.6535548143914456,0.7904846077110205,0.6535548143914456,0.7904846077110205
1097,1,1,1,0.8323234511566818,0.9084896562681278,0.8323234511566818,0.9084896562681278
1098,1,2,2,0.8475596489955762,0.917490971895117,0.8475596489955762,0.917490971895117
1099,1,1,1,0.836026050472791,0.9106908371561588,0.836026050472791,0.9106908371561588
1100,1,2,2,0.7958956411072224,0.8863495438037027,0.7958956411072224,0.8863495438037027
1101,1,1,1,0.7082867050745362,0.8292363371681595,0.7082867050745362,0.8292363371681595
1102,1,1,1,0.7069028564999086,0.8282871562467813,0.7069028564999086,0.8282871562467813
1103,1,1,1,0.6835653199246439,0.8120449047444623,0.6835653199246439,0.8120449047444623
1104,1,2,2,0.8197379700440767,0.9009406667754715,0.8197379700440767,0.9009406667754715
1105,1,1,1,0.8810482651051156,0.9367630607350539,0.8810482651051156,0.9367630607350539
1106,1,1,1,0.70872830317606,0.8295389054640545,0.70872830317606,0.8295389054640545
1107,1,1,1,0.8040249742377402,0.8913678975840865,0.8040249742377402,0.8913678975840865
1108,1,1,1,0.8384451162914047,0.9121241736960355,0.8384451162914047,0.9121241736960355
1109,1,1,1,0.8319030328498546,0.9082391566934411,0.8319030328498546,0.9082391566934411
1110,1,1,1,0.8279417937596194,0.9058732576563612,0.8279417937596194,0.9058732576563612
1111,1,1,1,0.8638268645837713,0.9269389566146001,0.8638268645837713,0.9269389566146001
1112,1,1,1,0.8697016017444599,0.930310591736152,0.8697016017444599,0.930310591736152
1113,1,1,1,0.7220171176020196,0.8385713593921278,0.7220171176020196,0.8385713593921278
1114,1,1,1,0.7703283384750992,0.8702660650381204,0.7703283384750992,0.8702660650381204
1115,1,1,1,0.808273178080472,0.8939724239436815,0.808273178080472,0.8939724239436815
1117,1,2,2,0.1939065701978169,0.3248270426482179,0.1939065701978169,0.3248270426482179
1118,1,1,1,0.0920646259218018,0.16860655264626098,0.0920646259218018,0.16860655264626098
1119,1,1,1,0.12624450396725123,0.2241866726497644,0.12624450396725123,0.2241866726497644
1120,1,1,1,0.1395815060769327,0.24496976360637712,0.1395815060769327,0.24496976360637712
1121,1,1,1,0.1569028871391076,0.2712464267888743,0.1569028871391076,0.2712464267888743
1122,1,1,1,0.13992559994164702,0.24549953075676137,0.13992559994164702,0.24549953075676137
1123,1,0,0,0.0,0.0,0.0,0.0
1124,1,0,0,0.0,0.0,0.0,0.0
1125,1,1,1,0.6406410952227994,0.7809643402060463,0.6406410952227994,0.7809643402060463
1127,1,1,1,0.08287177845365776,0.15305926352979438,0.08287177845365776,0.15305926352979438
1128,1,1,1,0.0817562452687358,0.15115465360391883,0.0817562452687358,0.15115465360391883
1129,1,1,1,0.083237854326315,0.15368342971744117,0.083237854326315,0.15368342971744117
1130,1,1,1,0.0759307872526604,0.1411443712779075,0.0759307872526604,0.1411443712779075
1132,1,5,4,0.33995643627477024,0.5074141622393149,0.3605408958587661,0.5299964109218409
1133,1,3,2,0.19079940818474397,0.3204560010247214,0.19651862441675963,0.3284840209028124
1134,1,3,3,0.2868064735093423,0.44576473527860294,0.2868064735093423,0.44576473527860294
1136,1,1,1,0.8198949807414541,0.9010354876712895,0.8198949807414541,0.9010354876712895
1137,1,2,1,0.70148227450366,0.8245543136302018,0.8448539740444891,0.9159033570470714
1138,1,1,1,0.6606958206792108,0.7956855342828426,0.6606958206792108,0.7956855342828426
1139,1,1,1,0.8123951871570687,0.8964879104886562,0.8123951871570687,0.8964879104886562
1140,1,1,1,0.8323996381412411,0.9085350387709255,0.8323996381412411,0.9085350387709255
1141,1,1,1,0.8135281735751295,0.8971773203515961,0.8135281735751295,0.8971773203515961
1142,1,1,1,0.8861654588361312,0.9396476376817381,0.8861654588361312,0.9396476376817381
1143,1,1,1,0.9087842030154495,0.9522126195090833,0.9087842030154495,0.9522126195090833
1144,1,1,1,0.8971667039502611,0.9457963837149258,0.8971667039502611,0.9457963837149258
1145,1,1,1,0.7133743006809,0.8327127357955619,0.7133743006809,0.8327127357955619
1146,1,1,1,0.8335918864368046,0.9092447371772712,0.8335918864368046,0.9092447371772712
1147,1,1,1,0.8192718332154525,0.9006590639810427,0.8192718332154525,0.9006590639810427
1148,1,1,1,0.8768151357261785,0.9343649452048144,0.8768151357261785,0.9343649452048144
1149,1,1,1,0.6691909090909091,0.8018147060905937,0.6691909090909091,0.8018147060905937
1150,1,1,1,0.6478303678177088,0.7862828364738268,0.6478303678177088,0.7862828364738268
1151,1,1,1,0.8063968119140423,0.8928235552625796,0.8063968119140423,0.8928235552625796
1152,1,1,1,0.8073329270769856,0.8933970216352908,0.8073329270769856,0.8933970216352908
1153,1,1,1,0.5540070602044481,0.7130045601357331,0.5540070602044481,0.7130045601357331
1156,1,1,1,0.829442221381063,0.90677061203377,0.829442221381063,0.90677061203377
1157,1,1,1,0.6323799694621953,0.7747950615573156,0.6323799694621953,0.7747950615573156
1158,1,1,1,0.6550284546593131,0.7915615623589389,0.6550284546593131,0.7915615623589389
1159,1,1,1,0.7614086489671653,0.8645451461972001,0.7614086489671653,0.8645451461972001
1160,1,1,1,0.6653692538604391,0.7990651350360504,0.6653692538604391,0.7990651350360504
1161,1,1,1,0.8020042824057215,0.8901247241599508,0.8020042824057215,0.8901247241599508
1162,1,1,1,0.8836557410872458,0.9382348608745246,0.8836557410872458,0.9382348608745246
1163,1,1,1,0.9161678832116789,0.9562501190408167,0.9161678832116789,0.9562501190408167
1164,1,1,1,0.8990710789225088,0.9468535316041167,0.8990710789225088,0.9468535316041167
1165,1,1,1,0.9273025377815797,0.9622802020994075,0.9273025377815797,0.9622802020994075
1166,1,1,1,0.6304209122020069,0.773322897767026,0.6304209122020069,0.773322897767026
1167,1,1,1,0.3371086790531942,0.5042352717236128,0.3371086790531942,0.5042352717236128
1168,1,1,1,0.3955118260254212,0.5668340728460676,0.3955118260254212,0.5668340728460676
1169,1,1,1,0.4907153693272024,0.6583622593878194,0.4907153693272024,0.6583622593878194
1170,1,1,1,0.4295965115637247,0.601003861003861,0.4295965115637247,0.601003861003861
1171,1,1,0,0.26268607160644125,0.41607502848628275,0.0,0.0
1194,1,0,0,0.0,0.0,0.0,0.0
1195,1,0,0,0.0,0.0,0.0,0.0
1196,1,0,0,0.0,0.0,0.0,0.0
1197,1,1,1,0.05764557208126762,0.10900735294117647,0.05764557208126762,0.10900735294117647
1198,1,0,0,0.0,0.0,0.0,0.0
1199,1,0,0,0.0,0.0,0.0,0.0
1200,1,1,1,0.5595402587614621,0.7175707784624059,0.5595402587614621,0.7175707784624059
1201,1,1,1,0.8437514131106523,0.9152550686723349,0.8437514131106523,0.9152550686723349
1202,1,1,1,0.5564981469608594,0.7150643231377435,0.5564981469608594,0.7150643231377435
1203,1,0,0,0.0,0.0,0.0,0.0
1204,1,1,1,0.30618253968253967,0.4688204448927263,0.30618253968253967,0.4688204448927263
1205,1,1,1,0.10146357129748577,0.18423409351244402,0.10146357129748577,0.18423409351244402
1206,1,1,1,0.12971046897070618,0.22963488882047287,0.12971046897070618,0.22963488882047287
1207,1,1,1,0.5749285343035343,0.7301011084389039,0.5749285343035343,0.7301011084389039
1208,1,1,1,0.4897740127519539,0.6575145069784498,0.4897740127519539,0.6575145069784498
1209,1,2,2,0.2667777344852141,0.42119106962931535,0.2667777344852141,0.42119106962931535
1210,1,2,2,0.21960453528973284,0.3601241696556383,0.21960453528973284,0.3601241696556383
1211,1,1,1,0.482460672222347,0.6508916981913502,0.482460672222347,0.6508916981913502
1212,1,1,1,0.12287137793421411,0.2188520971302428,0.12287137793421411,0.2188520971302428
1213,1,1,1,0.45835608518292487,0.6285928242627139,0.45835608518292487,0.6285928242627139
1214,1,1,1,0.387989915867851,0.5590673410984508,0.387989915867851,0.5590673410984508
1215,1,1,1,0.7632687160077063,0.8657429342203228,0.7632687160077063,0.8657429342203228
1216,1,1,1,0.6848559326465513,0.8129548875680876,0.6848559326465513,0.8129548875680876
1217,1,1,1,0.6777299997425136,0.8079130728383315,0.6777299997425136,0.8079130728383315
1218,1,1,1,0.7806420974346567,0.8768096615926532,0.7806420974346567,0.8768096615926532
1219,1,1,1,0.7896752120354604,0.8824787947276033,0.7896752120354604,0.8824787947276033
1220,1,1,1,0.8525686683329232,0.9204178856162205,0.8525686683329232,0.9204178856162205
1221,1,2,2,0.8887816601499265,0.9411163597166412,0.8887816601499265,0.9411163597166412
1222,1,1,1,0.7255446326534275,0.8409456572997864,0.7255446326534275,0.8409456572997864
1223,1,1,1,0.893454092446848,0.9437293420642345,0.893454092446848,0.9437293420642345
1224,1,2,2,0.7545990334821171,0.8601384351438581,0.7545990334821171,0.8601384351438581
1225,1,2,2,0.5693808862127528,0.7256121075703795,0.5693808862127528,0.7256121075703795
1226,1,2,2,0.5492576661579021,0.7090591554341499,0.5492576661579021,0.7090591554341499
1227,1,1,1,0.921113288996442,0.9589369812517579,0.921113288996442,0.9589369812517579
1228,1,1,1,0.8347826086956521,0.909952606635071,0.8347826086956521,0.909952606635071
1229,1,1,1,0.8893668100430129,0.94144430326133,0.8893668100430129,0.94144430326133
1230,1,1,1,0.8854511504256734,0.9392459202411766,0.8854511504256734,0.9392459202411766
1231,1,1,1,0.6991967410637443,0.8229732604430818,0.6991967410637443,0.8229732604430818
1232,1,1,1,0.694360962998869,0.8196139761977418,0.694360962998869,0.8196139761977418
1233,1,0,0,0.0,0.0,0.0,0.0
1234,1,1,1,0.5556379482390853,0.7143538107540297,0.5556379482390853,0.7143538107540297
1236,1,1,1,0.12402611455778387,0.22068190934616927,0.12402611455778387,0.22068190934616927
1237,1,1,1,0.7647049898342116,0.866666093471015,0.7647049898342116,0.866666093471015
1238,1,1,1,0.7291413363947087,0.8433565505003561,0.7291413363947087,0.8433565505003561
1239,1,0,0,0.0,0.0,0.0,0.0
1240,1,0,0,0.0,0.0,0.0,0.0
1241,1,0,0,0.0,0.0,0.0,0.0
1242,1,1,1,0.8176137341625319,0.8996562017498714,0.8176137341625319,0.8996562017498714
1243,1,1,1,0.8080345792016272,0.8938264660385319,0.8080345792016272,0.8938264660385319
1244,1,1,1,0.8302271315362819,0.9072394537604676,0.8302271315362819,0.9072394537604676
1245,1,1,1,0.7958647092559903,0.8863303623642222,0.7958647092559903,0.8863303623642222
1246,1,1,1,0.8088230579333782,0.8943086548857654,0.8088230579333782,0.8943086548857654
1247,1,1,1,0.8133697852736287,0.8970809945980159,0.8133697852736287,0.8970809945980159
1248,1,0,0,0.0,0.0,0.0,0.0
1249,1,1,1,0.7879785390512081,0.881418341261914,0.7879785390512081,0.881418341261914
1250,1,0,0,0.0,0.0,0.0,0.0
1317,1,1,1,0.9291821537758946,0.9632912599333884,0.9291821537758946,0.9632912599333884
1318,1,1,1,0.8641283744035558,0.9271125167868777,0.8641283744035558,0.9271125167868777
1320,1,1,1,0.4933721481280888,0.6607490955908353,0.4933721481280888,0.6607490955908353
1323,1,1,1,0.8993515647025655,0.9470090544752857,0.8993515647025655,0.9470090544752857
1328,1,2,2,0.7770810983212039,0.8745589596955445,0.7770810983212039,0.8745589596955445
1336,1,2,2,0.8803334335925751,0.9363588583441877,0.8803334335925751,0.9363588583441877
1339,1,1,1,0.8841734717581259,0.9385266112818178,0.8841734717581259,0.9385266112818178
1345,1,2,2,0.7882243734252752,0.8815721171672228,0.7882243734252752,0.8815721171672228
1349,1,2,2,0.8013362954827222,0.8897131507228971,0.8013362954827222,0.8897131507228971
1350,1,1,1,0.8323185052452114,0.9084867099934962,0.8323185052452114,0.9084867099934962
1354,1,1,1,0.47516805797788575,0.6442222706872209,0.47516805797788575,0.6442222706872209
1396,1,1,1,0.8960417663331739,0.945170915792707,0.8960417663331739,0.945170915792707
1398,1,1,1,0.8565564573437559,0.9227367731862708,0.8565564573437559,0.9227367731862708
1400,1,0,0,0.0,0.0,0.0,0.0
1422,1,1,1,0.7358432547504533,0.8478222359497994,0.7358432547504533,0.8478222359497994
1423,1,1,1,0.6728182535621677,0.8044128549284311,0.6728182535621677,0.8044128549284311
1424,1,1,1,0.836079617031998,0.9107226171199605,0.836079617031998,0.9107226171199605
1425,1,1,1,0.8709505974970727,0.9310246873030387,0.8709505974970727,0.9310246873030387
1428,1,1,1,0.8650844724253162,0.9276625109643197,0.8650844724253162,0.9276625109643197
1458,1,1,1,0.9203716310920668,0.958534917086517,0.9203716310920668,0.958534917086517
1460,1,2,2,0.5156757147504247,0.6804565247459115,0.5156757147504247,0.6804565247459115
1468,1,1,1,0.5274537751392631,0.6906314072793114,0.5274537751392631,0.6906314072793114
1471,1,0,0,0.0,0.0,0.0,0.0
1474,1,1,1,0.710754057495868,0.8309248829562804,0.710754057495868,0.8309248829562804
1509,1,1,1,0.562900838677849,0.7203282828282829,0.562900838677849,0.7203282828282829
1513,1,1,1,0.8889932685488185,0.9412349777527476,0.8889932685488185,0.9412349777527476
1514,1,1,1,0.8436057496830978,0.9151693628945422,0.8436057496830978,0.9151693628945422
1520,1,1,1,0.8741930769043385,0.9328740861088546,0.8741930769043385,0.9328740861088546
1524,1,2,2,0.8823783234226672,0.9375143268949968,0.8823783234226672,0.9375143268949968
1527,1,1,1,0.905626590623371,0.950476441795579,0.905626590623371,0.950476441795579
1532,1,2,2,0.8752500128211703,0.9334755438869973,0.8752500128211703,0.9334755438869973
1534,1,0,0,0.0,0.0,0.0,0.0
1536,1,1,1,0.18594362794989755,0.3135792015196073,0.18594362794989755,0.3135792015196073
1537,1,0,0,0.0,0.0,0.0,0.0
1546,1,0,0,0.0,0.0,0.0,0.0
1556,1,2,2,0.6870734177533702,0.814515136713288,0.6870734177533702,0.814515136713288
1580,1,1,1,0.66676736420121,0.8000724978446587,0.66676736420121,0.8000724978446587
1581,1,1,1,0.6559131692714213,0.7922072019754682,0.6559131692714213,0.7922072019754682
1625,1,3,3,0.8673627554465143,0.9289708203900799,0.8673627554465143,0.9289708203900799
1626,1,2,2,0.7553073400860275,0.8605983953203431,0.7553073400860275,0.8605983953203431
1695,1,1,1,0.838735692564943,0.9122960912288044,0.838735692564943,0.9122960912288044
1698,1,1,1,0.6807282482554897,0.8100396348571531,0.6807282482554897,0.8100396348571531
1707,1,1,1,0.6754467337174104,0.8062885200996606,0.6754467337174104,0.8062885200996606
1778,1,2,2,0.5916383572701893,0.7434331480737939,0.5916383572701893,0.7434331480737939
1783,1,1,1,0.4931411337397847,0.6605418906445132,0.4931411337397847,0.6605418906445132
1785,1,2,2,0.7478300200305843,0.8557239679605668,0.7478300200305843,0.8557239679605668
1826,1,1,1,0.7694228243288718,0.869687916025055,0.7694228243288718,0.869687916025055
1917,1,0,0,0.0,0.0,0.0,0.0
1920,1,0,0,0.0,0.0,0.0,0.0
1924,1,1,1,0.4070844275057517,0.5786211822802476,0.4070844275057517,0.5786211822802476
1995,1,0,0,0.0,0.0,0.0,0.0
1998,1,0,0,0.0,0.0,0.0,0.0
2000,1,0,0,0.0,0.0,0.0,0.0
2001,1,1,1,0.18243279497773246,0.3085719471797432,0.18243279497773246,0.3085719471797432
2002,1,0,0,0.0,0.0,0.0,0.0
2003,1,1,1,0.6016027257031978,0.7512508764482263,0.6016027257031978,0.7512508764482263
2004,1,2,2,0.6779769083632285,0.8080884843934553,0.6779769083632285,0.8080884843934553
2005,1,1,1,0.6214897538761791,0.7665663657639585,0.6214897538761791,0.7665663657639585
2006,1,1,1,0.6607297358390559,0.7957101286022716,0.6607297358390559,0.7957101286022716
2007,1,1,1,0.6645617291934539,0.7984825285097241,0.6645617291934539,0.7984825285097241
2008,1,1,1,0.725852882207469,0.841152672618375,0.725852882207469,0.841152672618375
2017,1,0,0,0.0,0.0,0.0,0.0
2026,1,1,1,0.85830165379307,0.9237484689755818,0.85830165379307,0.9237484689755818
2030,1,1,1,0.7952240885517455,0.8859329524630808,0.7952240885517455,0.8859329524630808
2031,1,1,1,0.7157406900007046,0.8343226854407826,0.7157406900007046,0.8343226854407826
2035,1,1,1,0.5088140797816383,0.6744556358531277,0.5088140797816383,0.6744556358531277
2058,1,1,1,0.8462243452661983,0.9167080343577478,0.8462243452661983,0.9167080343577478
2059,1,1,1,0.8327794492015738,0.9087612255411999,0.8327794492015738,0.9087612255411999
2062,1,1,1,0.8455629041469391,0.9163197875802314,0.8455629041469391,0.9163197875802314
2063,1,0,0,0.0,0.0,0.0,0.0
2064,1,0,0,0.0,0.0,0.0,0.0
2065,1,0,0,0.0,0.0,0.0,0.0
2066,1,0,0,0.0,0.0,0.0,0.0
2070,1,0,0,0.0,0.0,0.0,0.0
2096,1,2,2,0.6369770856811119,0.778235799697928,0.6369770856811119,0.778235799697928
2097,1,2,2,0.8986217109010138,0.9466042716582673,0.8986217109010138,0.9466042716582673
2098,1,2,2,0.8960929719253856,0.9451994023430706,0.8960929719253856,0.9451994023430706
2099,1,2,2,0.7808207688982651,0.8769223523615273,0.7808207688982651,0.8769223523615273
2100,1,1,1,0.25072507712183933,0.4009275606735355,0.25072507712183933,0.4009275606735355
2101,1,1,1,0.886410331670091,0.9397852808464291,0.886410331670091,0.9397852808464291
2110,1,0,0,0.0,0.0,0.0,0.0
2116,1,1,1,0.303394044521538,0.4655446229738002,0.303394044521538,0.4655446229738002
2130,1,1,1,0.8456992899042914,0.9163998648427124,0.8456992899042914,0.9163998648427124
2131,1,1,1,0.8008989325176353,0.8894435085238105,0.8008989325176353,0.8894435085238105
2132,1,1,1,0.5491587705391489,0.7089767440015549,0.5491587705391489,0.7089767440015549
2147,1,1,1,0.7965290048806764,0.8867421597054382,0.7965290048806764,0.8867421597054382
2148,1,1,1,0.866654269414429,0.9285643127543904,0.866654269414429,0.9285643127543904
2149,1,1,1,0.8977740645700304,0.9461337693783214,0.8977740645700304,0.9461337693783214
2150,1,1,1,0.8971720147570136,0.9457993347766326,0.8971720147570136,0.9457993347766326
2165,1,1,1,0.4821895524203357,0.6506449214042106,0.4821895524203357,0.6506449214042106
2169,1,4,4,0.124601493872371,0.22159226099429635,0.124601493872371,0.22159226099429635
2186,1,1,1,0.8720186420542813,0.9316345707939763,0.8720186420542813,0.9316345707939763
2187,1,1,1,0.7703212350731933,0.8702615319883961,0.7703212350731933,0.8702615319883961
2188,1,1,1,0.8531654398250691,0.9207655414786974,0.8531654398250691,0.9207655414786974
2190,1,1,1,0.8687040491605399,0.9297395695704512,0.8687040491605399,0.9297395695704512
2191,1,1,1,0.9235061841203538,0.960232092565573,0.9235061841203538,0.960232092565573
2195,1,1,1,0.9086371152849422,0.9521318725370075,0.9086371152849422,0.9521318725370075
2196,1,1,1,0.9006200770906653,0.9477118419892425,0.9006200770906653,0.9477118419892425
2203,1,1,1,0.5961732309440463,0.7470031690626004,0.5961732309440463,0.7470031690626004
2204,1,1,1,0.6781289010125294,0.8081964390260702,0.6781289010125294,0.8081964390260702
2205,1,1,1,0.6836697909156453,0.8121186168504443,0.6836697909156453,0.8121186168504443
2206,1,1,1,0.6937623053012225,0.8191967705620208,0.6937623053012225,0.8191967705620208
2207,1,1,1,0.7035927637034405,0.8260105098989738,0.7035927637034405,0.8260105098989738
2208,1,1,1,0.7017833404681972,0.8247622641259628,0.7017833404681972,0.8247622641259628
2209,1,1,1,0.7067028964953881,0.8281498765210512,0.7067028964953881,0.8281498765210512
2210,1,1,1,0.6688509139055013,0.8015705996651719,0.6688509139055013,0.8015705996651719
2218,1,0,0,0.0,0.0,0.0,0.0
2219,1,1,1,0.7578114708749374,0.8622215561009423,0.7578114708749374,0.8622215561009423
2220,1,0,0,0.0,0.0,0.0,0.0
2221,1,0,0,0.0,0.0,0.0,0.0
2222,1,1,1,0.010614478232273052,0.02100598885311732,0.010614478232273052,0.02100598885311732
2223,1,1,1,0.7618453224468218,0.8648265687577881,0.7618453224468218,0.8648265687577881
2224,1,0,0,0.0,0.0,0.0,0.0
2225,1,1,1,0.7498632509800346,0.8570535446813499,0.7498632509800346,0.8570535446813499
2226,1,1,1,0.7527391221008243,0.8589288760766576,0.7527391221008243,0.8589288760766576
2227,1,1,1,0.7833428514099615,0.8785106585541064,0.7833428514099615,0.8785106585541064
2228,1,1,1,0.7780195095898588,0.8751529501150715,0.7780195095898588,0.8751529501150715
2232,1,1,1,0.9378625383976279,0.9679350519600054,0.9378625383976279,0.9679350519600054
2233,1,1,1,0.26791762013729975,0.42261045336413516,0.26791762013729975,0.42261045336413516
2254,1,0,0,0.0,0.0,0.0,0.0
2255,1,1,1,0.7620108396105089,0.8649332029977191,0.7620108396105089,0.8649332029977191
2256,1,1,1,0.7850396528037967,0.8795767103220588,0.7850396528037967,0.8795767103220588
2257,1,1,1,0.7744691314935709,0.872902343295992,0.7744691314935709,0.872902343295992
2262,1,1,1,0.8426013122937578,0.9145780008642755,0.8426013122937578,0.9145780008642755
2263,1,2,2,0.8320187359499956,0.9083081080156653,0.8320187359499956,0.9083081080156653
2264,1,2,2,0.7394528291984375,0.8502131437955543,0.7394528291984375,0.8502131437955543
2298,1,1,1,0.7281867402918714,0.8427176569690481,0.7281867402918714,0.8427176569690481
2309,1,1,1,0.920423696117288,0.9585631524732801,0.920423696117288,0.9585631524732801
2311,1,1,1,0.9217943733071484,0.9593059341940572,0.9217943733071484,0.9593059341940572
2312,1,1,1,0.8732546995483673,0.9323395262362398,0.8732546995483673,0.9323395262362398
2318,1,0,0,0.0,0.0,0.0,0.0
2319,1,2,2,0.6442209296062907,0.7836184517618927,0.6442209296062907,0.7836184517618927
2320,1,1,1,0.6066586311365931,0.7551804961921832,0.6066586311365931,0.7551804961921832
2321,1,1,1,0.613416633495031,0.7603945822304183,0.613416633495031,0.7603945822304183
2322,1,1,1,0.6259540900732031,0.7699529696376872,0.6259540900732031,0.7699529696376872
2324,1,1,1,0.9257999626718649,0.9614705375603032,0.9257999626718649,0.9614705375603032
2325,1,1,1,0.8866281182198508,0.9399076687741076,0.8866281182198508,0.9399076687741076
2328,1,0,0,0.0,0.0,0.0,0.0
2329,1,0,0,0.0,0.0,0.0,0.0
2330,1,0,0,0.0,0.0,0.0,0.0
2331,1,1,1,0.7827025521395494,0.8781078494560653,0.7827025521395494,0.8781078494560653
2332,1,2,2,0.7234845496383958,0.8395602383441035,0.7234845496383958,0.8395602383441035
2333,1,0,0,0.0,0.0,0.0,0.0
2355,1,1,1,0.871797056121114,0.9315080962117986,0.871797056121114,0.9315080962117986
2356,1,1,1,0.8923921549296643,0.9431366036949486,0.8923921549296643,0.9431366036949486
2358,1,2,2,0.8910441963334712,0.9423832590069644,0.8910441963334712,0.9423832590069644
2359,1,2,2,0.7150767064916129,0.833871399203345,0.7150767064916129,0.833871399203345
2360,1,1,1,0.09150808035040024,0.16767274928651735,0.09150808035040024,0.16767274928651735
2361,1,2,2,0.43515726523763265,0.606424502426331,0.43515726523763265,0.606424502426331
2369,1,1,1,0.6795634981454802,0.8092144165979224,0.6795634981454802,0.8092144165979224
2370,1,1,1,0.7391235602476314,0.8499954541957773,0.7391235602476314,0.8499954541957773
2371,1,1,1,0.7529171103513983,0.859044738516432,0.7529171103513983,0.859044738516432
2372,1,1,1,0.7785692735744695,0.8755006455382469,0.7785692735744695,0.8755006455382469
2388,1,0,0,0.0,0.0,0.0,0.0
2389,1,0,0,0.0,0.0,0.0,0.0
2390,1,1,1,0.3962373563742099,0.5675787924814885,0.3962373563742099,0.5675787924814885
2414,1,2,2,0.8661374066257997,0.9282675579521018,0.8661374066257997,0.9282675579521018
2415,1,2,2,0.7395815366652957,0.8502982137681712,0.7395815366652957,0.8502982137681712
2416,1,0,0,0.0,0.0,0.0,0.0
2417,1,2,2,0.8042115486491259,0.8914825417798331,0.8042115486491259,0.8914825417798331
2418,1,2,2,0.3453347364201243,0.513381134183816,0.3453347364201243,0.513381134183816
2419,1,1,1,0.8943505170201524,0.9442291793252517,0.8943505170201524,0.9442291793252517
2439,1,2,2,0.9126163802313868,0.9543119986465651,0.9126163802313868,0.9543119986465651
2440,1,2,2,0.7980324391537295,0.8876730160990145,0.7980324391537295,0.8876730160990145
2441,1,2,2,0.8078872686930352,0.8937363326609143,0.8078872686930352,0.8937363326609143
2443,1,1,1,0.9266261604416618,0.96191589159076,0.9266261604416618,0.96191589159076
2444,1,1,1,0.9338363677868746,0.9657863336757677,0.9338363677868746,0.9657863336757677
2445,1,1,1,0.9232088222438893,0.9600713261774064,0.9232088222438893,0.9600713261774064
2448,1,1,1,0.816363526901285,0.8988988325415239,0.816363526901285,0.8988988325415239
2449,1,1,1,0.78428071477809,0.8791001419029859,0.78428071477809,0.8791001419029859
2450,1,1,1,0.8082366876576835,0.8939501041809307,0.8082366876576835,0.8939501041809307
2451,1,1,1,0.8054097862425286,0.8922182569075034,0.8054097862425286,0.8922182569075034
2452,1,1,1,0.8231962519521083,0.9030253885951187,0.8231962519521083,0.9030253885951187
2453,1,1,1,0.8400221883233948,0.9130565855717343,0.8400221883233948,0.9130565855717343
2454,1,1,1,0.8659318086476009,0.9281494689510815,0.8659318086476009,0.9281494689510815
2455,1,1,1,0.8420331199554689,0.914243192300283,0.8420331199554689,0.914243192300283
2456,1,1,1,0.8267961772569543,0.9051871112391303,0.8267961772569543,0.9051871112391303
2457,1,1,1,0.5237343843166912,0.6874352770500174,0.5237343843166912,0.6874352770500174
2458,1,1,1,0.7105473886819621,0.8307836349736727,0.7105473886819621,0.8307836349736727
2459,1,1,1,0.6443212809008534,0.7836926863196191,0.6443212809008534,0.7836926863196191
2460,1,1,1,0.6654337691368737,0.7991116566367461,0.6654337691368737,0.7991116566367461
2463,1,2,2,0.6512322268345493,0.7887833295053557,0.6512322268345493,0.7887833295053557
2464,1,2,2,0.7195149835440845,0.8368813187787355,0.7195149835440845,0.8368813187787355
2465,1,2,2,0.7709254876625816,0.8706470069275639,0.7709254876625816,0.8706470069275639
2466,1,1,1,0.8884064407925701,0.9409059634637797,0.8884064407925701,0.9409059634637797
2495,1,2,2,0.016346946361329735,0.03216804344196475,0.016346946361329735,0.03216804344196475
2496,1,1,1,0.02883034960685887,0.05604490500863558,0.02883034960685887,0.05604490500863558
2497,1,1,1,0.2264478125620491,0.36927427362604154,0.2264478125620491,0.36927427362604154
2498,1,1,1,0.47491360955007156,0.6439883752851747,0.47491360955007156,0.6439883752851747
2509,1,1,1,0.4788212721995376,0.6475715236194278,0.4788212721995376,0.6475715236194278
2515,1,1,1,0.8192783802613708,0.9006630201845934,0.8192783802613708,0.9006630201845934
2517,1,1,1,0.884766285101318,0.9388604752697561,0.884766285101318,0.9388604752697561
2518,1,1,1,0.9040593114585628,0.9496125525270828,0.9040593114585628,0.9496125525270828
2525,1,1,1,0.8557701625828382,0.9222803338876704,0.8557701625828382,0.9222803338876704
2526,1,1,1,0.9230975089391248,0.9600111327151069,0.9230975089391248,0.9600111327151069
2527,1,1,1,0.8504045319410137,0.9191552628213326,0.8504045319410137,0.9191552628213326
2528,1,2,2,0.7061372312783963,0.8277613527597575,0.7061372312783963,0.8277613527597575
2529,1,1,1,0.7219558547253433,0.8385300386698905,0.7219558547253433,0.8385300386698905
2530,1,1,1,0.8364462684518176,0.9109400942690997,0.8364462684518176,0.9109400942690997
2531,1,2,2,0.728494721052746,0.8429238599109561,0.728494721052746,0.8429238599109561
2532,1,1,1,0.8700377489729526,0.9305028729508673,0.8700377489729526,0.9305028729508673
2533,1,1,1,0.8658623291447808,0.9281095562303885,0.8658623291447808,0.9281095562303885
2536,1,1,1,0.00015087760473420396,0.00030170968823332216,0.00015087760473420396,0.00030170968823332216
2537,1,1,1,0.1259386055003994,0.22370421421766362,0.1259386055003994,0.22370421421766362
2538,1,1,1,0.11376098591395142,0.20428258370102495,0.11376098591395142,0.20428258370102495
2540,1,1,1,0.8790010286198342,0.9356046273859455,0.8790010286198342,0.9356046273859455
2541,1,1,1,0.6405347417065522,0.7808853118712273,0.6405347417065522,0.7808853118712273
2547,1,1,1,0.9219595127760003,0.9593953531771952,0.9219595127760003,0.9593953531771952
2548,1,1,1,0.9219994665397896,0.9594169848545088,0.9219994665397896,0.9594169848545088
2549,1,1,1,0.9531378932681199,0.9760067597411326,0.9531378932681199,0.9760067597411326
2552,1,1,1,0.8510214447848379,0.9195154893343338,0.8510214447848379,0.9195154893343338
2553,1,1,1,0.7796529612055196,0.8761853891754157,0.7796529612055196,0.8761853891754157
2554,1,1,1,0.8142655873152327,0.8976255659682005,0.8142655873152327,0.8976255659682005
2555,1,1,1,0.8205083218361472,0.9014057359634482,0.8205083218361472,0.9014057359634482
2556,1,1,1,0.796568879467852,0.8867668683026477,0.796568879467852,0.8867668683026477
2557,1,0,0,0.0,0.0,0.0,0.0
2558,1,1,1,0.7084228250701591,0.8293296187272218,0.7084228250701591,0.8293296187272218
2559,1,0,0,0.0,0.0,0.0,0.0
2562,1,2,2,0.7285917022777906,0.8429887767223626,0.7285917022777906,0.8429887767223626
2563,1,2,2,0.8065197090144316,0.8928988762092588,0.8065197090144316,0.8928988762092588
2564,1,2,2,0.544348142587411,0.7049552203629508,0.544348142587411,0.7049552203629508
2565,1,2,2,0.813578470062058,0.8972079052462709,0.813578470062058,0.8972079052462709
2584,1,1,1,0.7235095704474337,0.8395770848659763,0.7235095704474337,0.8395770848659763
2585,1,1,1,0.7355235111742668,0.8476099648763695,0.7355235111742668,0.8476099648763695
2586,1,1,1,0.7553558348353538,0.8606298732657855,0.7553558348353538,0.8606298732657855
2589,1,1,1,0.9225561893981143,0.9597183109503132,0.9225561893981143,0.9597183109503132
2590,1,1,1,0.9159915814348484,0.9561540774087122,0.9159915814348484,0.9561540774087122
2591,1,1,1,0.933003476865472,0.9653407125562089,0.933003476865472,0.9653407125562089
2592,1,2,2,0.8001033251222306,0.8889526661675401,0.8001033251222306,0.8889526661675401
2593,1,1,1,0.6274065937328366,0.7710508193207368,0.6274065937328366,0.7710508193207368
2594,1,1,1,0.6571502669058373,0.7931088447794674,0.6571502669058373,0.7931088447794674
2600,1,1,1,0.8984200164897107,0.9464923554176823,0.8984200164897107,0.9464923554176823
2603,1,1,1,0.9283185978699848,0.962826992277524,0.9283185978699848,0.962826992277524
2604,1,1,1,0.9282153311379436,0.9627714458531494,0.9282153311379436,0.9627714458531494
2605,1,1,1,0.9443883003860611,0.9713988715099257,0.9443883003860611,0.9713988715099257
2606,1,1,1,0.9394913134897627,0.9688017749348086,0.9394913134897627,0.9688017749348086
2609,1,1,1,0.8761201494921989,0.9339701934647783,0.8761201494921989,0.9339701934647783
2610,1,1,1,0.8216758080834975,0.9021098094813538,0.8216758080834975,0.9021098094813538
2611,1,1,1,0.8005646902507889,0.8892373537984725,0.8005646902507889,0.8892373537984725
2612,1,1,1,0.7733623515503251,0.8721989060771806,0.7733623515503251,0.8721989060771806
2665,1,1,1,0.8057109405489788,0.892403011418897,0.8057109405489788,0.892403011418897
2668,1,0,0,0.0,0.0,0.0,0.0
2673,1,1,1,0.8512142716510157,0.9196280351618676,0.8512142716510157,0.9196280351618676
2675,1,2,2,0.8672968339902957,0.9289330096885957,0.8672968339902957,0.9289330096885957
2676,1,2,2,0.8470818502256056,0.9172109510167529,0.8470818502256056,0.9172109510167529
2687,1,0,0,0.0,0.0,0.0,0.0
2691,1,0,0,0.0,0.0,0.0,0.0
2692,1,0,0,0.0,0.0,0.0,0.0
2693,1,0,0,0.0,0.0,0.0,0.0
2694,1,1,1,0.3025399749950648,0.4645384875749569,0.3025399749950648,0.4645384875749569
2695,1,1,1,0.6764580923060833,0.8070086516455282,0.6764580923060833,0.8070086516455282
2828,1,1,1,0.7547902401226302,0.8602626375103193,0.7547902401226302,0.8602626375103193
2838,1,1,1,0.7698026710874658,0.869930511082861,0.7698026710874658,0.869930511082861
2841,1,1,1,0.7937341076214693,0.8850075429228227,0.7937341076214693,0.8850075429228227
2842,1,1,1,0.7984208760869378,0.88791326513532,0.7984208760869378,0.88791326513532
2843,1,1,1,0.7990486999766073,0.888301356141162,0.7990486999766073,0.888301356141162
2844,1,1,1,0.8155867811605516,0.8984277585885658,0.8155867811605516,0.8984277585885658
2847,1,1,1,0.886590308370044,0.9398864230740491,0.886590308370044,0.9398864230740491
2852,1,1,1,0.692924111444082,0.8186121359604365,0.692924111444082,0.8186121359604365
2853,1,1,1,0.7079192888656025,0.8289844765858947,0.7079192888656025,0.8289844765858947
2858,1,1,1,0.4823705253717958,0.6508096553671177,0.4823705253717958,0.6508096553671177
2859,1,2,2,0.8029822813848894,0.8907267582997104,0.8029822813848894,0.8907267582997104
2861,1,2,2,0.6980213089802131,0.822158479741843,0.6980213089802131,0.822158479741843
2862,1,0,0,0.0,0.0,0.0,0.0
2863,1,1,1,0.09866632137770297,0.17961107837360046,0.09866632137770297,0.17961107837360046
2864,1,0,0,0.0,0.0,0.0,0.0
2866,1,1,1,0.43875471045288045,0.609908982073494,0.43875471045288045,0.609908982073494
2867,1,2,2,0.6802629310667896,0.8097100977343997,0.6802629310667896,0.8097100977343997
2868,1,2,2,0.6547299168975069,0.7913435421837007,0.6547299168975069,0.7913435421837007
2892,1,1,1,0.5571186494868434,0.7155763623670486,0.5571186494868434,0.7155763623670486
2893,1,0,0,0.0,0.0,0.0,0.0
2895,1,1,1,0.8826033521543202,0.9376413264582052,0.8826033521543202,0.9376413264582052
2896,1,1,1,0.8705648844235228,0.9308042631109442,0.8705648844235228,0.9308042631109442
2897,1,2,2,0.7861709346762384,0.8802863370058587,0.7861709346762384,0.8802863370058587
2900,1,0,0,0.0,0.0,0.0,0.0
2913,1,0,0,0.0,0.0,0.0,0.0
2915,1,1,1,0.6837346020151537,0.8121643413360226,0.6837346020151537,0.8121643413360226
2917,1,0,0,0.0,0.0,0.0,0.0
2918,1,1,1,0.48622318022604477,0.6543070875157436,0.48622318022604477,0.6543070875157436
2919,1,0,0,0.0,0.0,0.0,0.0
2920,1,0,0,0.0,0.0,0.0,0.0
2921,1,0,0,0.0,0.0,0.0,0.0
2922,1,0,0,0.0,0.0,0.0,0.0
2923,1,0,0,0.0,0.0,0.0,0.0
2926,1,0,0,0.0,0.0,0.0,0.0
2927,1,0,0,0.0,0.0,0.0,0.0
2928,1,0,0,0.0,0.0,0.0,0.0
2929,1,0,0,0.0,0.0,0.0,0.0
2930,1,1,1,0.6267629879034375,0.770564602912691,0.6267629879034375,0.770564602912691
2931,1,1,1,0.6141498002423487,0.7609576262997897,0.6141498002423487,0.7609576262997897
2932,1,1,1,0.5826025892648145,0.7362588602050221,0.5826025892648145,0.7362588602050221
2946,1,1,1,0.6043579058363004,0.7533953660062753,0.6043579058363004,0.7533953660062753
2947,1,1,1,0.5960264900662252,0.7468879668049793,0.5960264900662252,0.7468879668049793
2948,1,1,1,0.6383807070398346,0.7792825004552663,0.6383807070398346,0.7792825004552663
2949,1,1,1,0.659310516344698,0.794680091339499,0.659310516344698,0.794680091339499
2950,1,1,1,0.6528534200046849,0.7899713454358638,0.6528534200046849,0.7899713454358638
2957,1,3,3,0.29297052154195014,0.4531743247983164,0.29297052154195014,0.4531743247983164
2958,1,5,5,0.40589815762538384,0.5774218501160304,0.40589815762538384,0.5774218501160304
2959,1,2,2,0.4758751024367401,0.6448717803438078,0.4758751024367401,0.6448717803438078
2972,1,2,2,0.14596889565739074,0.25475193298969073,0.14596889565739074,0.25475193298969073
2973,1,2,2,0.14407674085887845,0.2518655186551865,0.14407674085887845,0.2518655186551865
2974,1,2,2,0.2956196346026855,0.4563370710159701,0.2956196346026855,0.4563370710159701
2975,1,2,2,0.7020640185988489,0.8249560661963737,0.7020640185988489,0.8249560661963737
3027,1,2,2,0.6915088429473278,0.8176236805743508,0.6915088429473278,0.8176236805743508
3028,1,1,1,0.6775968650618769,0.8078184683981086,0.6775968650618769,0.8078184683981086
3029,1,2,2,0.7836699464871396,0.8787163208423661,0.7836699464871396,0.8787163208423661
3030,1,1,1,0.6913600036639264,0.8175196317357162,0.6913600036639264,0.8175196317357162
3031,1,1,1,0.5968895006771608,0.7475651889802643,0.5968895006771608,0.7475651889802643
3032,1,1,1,0.34688408173419427,0.5150912189675003,0.34688408173419427,0.5150912189675003
3033,1,1,1,0.32285979075246485,0.4881239765686986,0.32285979075246485,0.4881239765686986
3034,1,1,1,0.3633985864409932,0.5330775461482713,0.3633985864409932,0.5330775461482713
3035,1,2,2,0.5559999130604881,0.7146528844810728,0.5559999130604881,0.7146528844810728
3036,1,1,1,0.349631798014911,0.5181143457484665,0.349631798014911,0.5181143457484665
3037,1,1,1,0.34309487286756846,0.5109019173530837,0.34309487286756846,0.5109019173530837
3038,1,2,2,0.8358180146015237,0.9105673960639759,0.8358180146015237,0.9105673960639759
3039,1,2,2,0.46407682137014544,0.6339514629237045,0.46407682137014544,0.6339514629237045
3040,1,2,2,0.38031356599317767,0.5510538697336217,0.38031356599317767,0.5510538697336217
3041,1,2,2,0.484442689771442,0.652693018207434,0.484442689771442,0.652693018207434
3042,1,2,2,0.447632815323455,0.6184341921310166,0.447632815323455,0.6184341921310166
3043,1,2,2,0.46451706293200157,0.6343621043267686,0.46451706293200157,0.6343621043267686
3044,1,1,1,0.23002483201869706,0.37401656622034857,0.23002483201869706,0.37401656622034857
3045,1,2,2,0.47619516826858477,0.6451655966698625,0.47619516826858477,0.6451655966698625
3046,1,2,2,0.49377935239350745,0.6611141753998897,0.49377935239350745,0.6611141753998897
3047,1,2,2,0.4767074455156769,0.6456355955450706,0.4767074455156769,0.6456355955450706
3048,1,2,2,0.4578276149414876,0.6280956818887853,0.4578276149414876,0.6280956818887853
3049,1,1,1,0.8704422243576959,0.9307341472753622,0.8704422243576959,0.9307341472753622
3050,1,1,1,0.46319883857890265,0.6331317745287081,0.46319883857890265,0.6331317745287081
3051,1,1,1,0.5299017374894254,0.6927264993619736,0.5299017374894254,0.6927264993619736
3052,1,1,1,0.5860075006004175,0.7389719158056588,0.5860075006004175,0.7389719158056588
3053,1,1,1,0.5684076834649757,0.7248213451865162,0.5684076834649757,0.7248213451865162
3054,1,1,1,0.49268087885431733,0.6601288806385279,0.49268087885431733,0.6601288806385279
3055,1,2,2,0.4770499741196507,0.6459496733060524,0.4770499741196507,0.6459496733060524
3056,1,2,2,0.4633983736055877,0.633318147626262,0.4633983736055877,0.633318147626262
3057,1,0,0,0.0,0.0,0.0,0.0
3058,1,1,1,0.15961308738888286,0.27528679888959495,0.15961308738888286,0.27528679888959495
3059,1,2,2,0.4581605008188817,0.6284088761992737,0.4581605008188817,0.6284088761992737
3060,1,1,1,0.814410462480256,0.8977135872188218,0.814410462480256,0.8977135872188218
3061,1,1,1,0.7330854727614277,0.8459888266137956,0.7330854727614277,0.8459888266137956
3062,1,1,1,0.7510366083505178,0.8578194250981386,0.7510366083505178,0.8578194250981386
3063,1,0,0,0.0,0.0,0.0,0.0
3064,1,0,0,0.0,0.0,0.0,0.0
3065,1,0,0,0.0,0.0,0.0,0.0
3066,1,0,0,0.0,0.0,0.0,0.0
3067,1,1,1,0.4314355061658522,0.6028011800845524,0.4314355061658522,0.6028011800845524
3068,1,0,0,0.0,0.0,0.0,0.0
3069,1,1,1,0.46235823230348067,0.6323460587016113,0.46235823230348067,0.6323460587016113
3076,1,0,0,0.0,0.0,0.0,0.0
3077,1,0,0,0.0,0.0,0.0,0.0
3078,1,1,1,0.5266054162100979,0.6899037703107745,0.5266054162100979,0.6899037703107745
3079,1,1,1,0.6460983973686052,0.7850058033000157,0.6460983973686052,0.7850058033000157
3080,1,0,0,0.0,0.0,0.0,0.0
3081,1,1,1,0.6499058366395962,0.7878096097450936,0.6499058366395962,0.7878096097450936
3082,1,1,1,0.6353338482274015,0.7770081306836071,0.6353338482274015,0.7770081306836071
3083,1,1,1,0.7170156884444826,0.835188278441483,0.7170156884444826,0.835188278441483
3099,1,2,2,0.8798047483247896,0.9360597148281896,0.8798047483247896,0.9360597148281896
3100,1,1,1,0.8314838532220493,0.9079892806690665,0.8314838532220493,0.9079892806690665
3101,1,1,1,0.7951453014103637,0.8858840571686919,0.7951453014103637,0.8858840571686919
3102,1,1,1,0.84162877976403,0.9140048081480013,0.84162877976403,0.9140048081480013
3103,1,1,1,0.8309317438894046,0.9076599896883935,0.8309317438894046,0.9076599896883935
3104,1,1,1,0.8864599683052402,0.9398131772725811,0.8864599683052402,0.9398131772725811
3105,1,1,1,0.7978027609621728,0.8875309108271631,0.7978027609621728,0.8875309108271631
3106,1,1,1,0.9378874951858089,0.9679483432508369,0.9378874951858089,0.9679483432508369
3107,1,2,2,0.8554043349895586,0.9220678413413025,0.8554043349895586,0.9220678413413025
3108,1,2,2,0.769595711085815,0.8697983457629369,0.769595711085815,0.8697983457629369
3109,1,2,2,0.7290690941606749,0.8433082247815895,0.7290690941606749,0.8433082247815895
3110,1,1,1,0.8176206251341983,0.8996603733783356,0.8176206251341983,0.8996603733783356
3111,1,1,1,0.8148853167888701,0.898001994121227,0.8148853167888701,0.898001994121227
3112,1,1,1,0.8050230046474819,0.8919808806588607,0.8050230046474819,0.8919808806588607
3113,1,1,1,0.7450346937252854,0.8538909815423688,0.7450346937252854,0.8538909815423688
3114,1,0,0,0.0,0.0,0.0,0.0
3115,1,1,1,0.5571955454264413,0.715639788545442,0.5571955454264413,0.715639788545442
3116,1,1,1,0.5544368399520154,0.7133603961279387,0.5544368399520154,0.7133603961279387
3118,1,1,1,0.5148421702988093,0.6797304437296651,0.5148421702988093,0.6797304437296651
3119,1,0,0,0.0,0.0,0.0,0.0
3120,1,0,0,0.0,0.0,0.0,0.0
3134,1,0,0,0.0,0.0,0.0,0.0
3135,1,2,2,0.06344291592203151,0.1193160723009282,0.06344291592203151,0.1193160723009282
3136,1,1,1,0.03842071746975165,0.07399836467702371,0.03842071746975165,0.07399836467702371
3137,1,2,2,0.07557043560537137,0.14052159320061172,0.07557043560537137,0.14052159320061172
3138,1,0,0,0.0,0.0,0.0,0.0
3139,1,0,0,0.0,0.0,0.0,0.0
3140,1,0,0,0.0,0.0,0.0,0.0
3141,1,1,1,0.7882219535456546,0.8815706036745407,0.7882219535456546,0.8815706036745407
3142,1,0,0,0.0,0.0,0.0,0.0
3143,1,0,0,0.0,0.0,0.0,0.0
3144,1,0,0,0.0,0.0,0.0,0.0
3145,1,0,0,0.0,0.0,0.0,0.0
3146,1,1,1,0.8504113747749348,0.9191592597925639,0.8504113747749348,0.9191592597925639
3147,1,2,2,0.5557351166981933,0.714434109937243,0.5557351166981933,0.714434109937243
3156,1,1,1,0.5979744480513317,0.7484155316507576,0.5979744480513317,0.7484155316507576
3157,1,1,1,0.7020166474292203,0.8249233619301767,0.7020166474292203,0.8249233619301767
3158,1,1,1,0.8488074483474907,0.9182215801934112,0.8488074483474907,0.9182215801934112
3159,1,1,1,0.7979653320525696,0.887631499703731,0.7979653320525696,0.887631499703731
3160,1,1,1,0.7714939165384389,0.8710093885571619,0.7714939165384389,0.8710093885571619
3161,1,1,1,0.7416770825963572,0.851681508595982,0.7416770825963572,0.851681508595982
3162,1,1,1,0.7725553190634914,0.8716854258423504,0.7725553190634914,0.8716854258423504
3163,1,1,1,0.9147445754314028,0.9554742571607031,0.9147445754314028,0.9554742571607031
3164,1,1,1,0.9248898504265826,0.960979507707014,0.9248898504265826,0.960979507707014
3165,1,3,3,0.8966318317123594,0.945499086032783,0.8966318317123594,0.945499086032783
3166,1,1,1,0.904282531018024,0.9497356787016233,0.904282531018024,0.9497356787016233
3167,1,1,1,0.9451178276023513,0.9717846540611377,0.9451178276023513,0.9717846540611377
3168,1,1,1,0.90100733348834,0.9479262048242555,0.90100733348834,0.9479262048242555
3169,1,1,1,0.8597648732087526,0.9245952384565195,0.8597648732087526,0.9245952384565195
3170,1,1,1,0.8934136565234921,0.9437067842469186,0.8934136565234921,0.9437067842469186
3171,1,1,1,0.8990371588055711,0.9468347205707491,0.8990371588055711,0.9468347205707491
3172,1,1,1,0.9000370965747496,0.9473889727703442,0.9000370965747496,0.9473889727703442
3173,1,1,1,0.8008111312160728,0.8893893616431522,0.8008111312160728,0.8893893616431522
3174,1,1,1,0.7965367455073762,0.8867469563306027,0.7965367455073762,0.8867469563306027
3182,1,1,1,0.7996441679480155,0.8886691960442193,0.7996441679480155,0.8886691960442193
3183,1,1,1,0.8126456208124585,0.896640370827936,0.8126456208124585,0.896640370827936
3184,1,1,1,0.8278628560280921,0.9058260069106288,0.8278628560280921,0.9058260069106288
3185,1,1,1,0.7514962222618835,0.8581191471728106,0.7514962222618835,0.8581191471728106
3194,1,1,1,0.8986514048381316,0.9466207462288166,0.8986514048381316,0.9466207462288166
3195,1,1,1,0.8831106212976995,0.9379275028347781,0.8831106212976995,0.9379275028347781
3196,1,1,1,0.9104722578628232,0.9531384233564698,0.9104722578628232,0.9531384233564698
3197,1,1,1,0.8917037881506815,0.9427520246416654,0.8917037881506815,0.9427520246416654
3198,1,1,1,0.8412091859027052,0.913757320290881,0.8412091859027052,0.913757320290881
3199,1,2,2,0.43637183437288646,0.6076028837803054,0.43637183437288646,0.6076028837803054
3200,1,3,3,0.4706884294093252,0.6400926532050959,0.4706884294093252,0.6400926532050959
3301,1,2,2,0.51130239643565,0.6766381071604698,0.51130239643565,0.6766381071604698
3302,1,2,2,0.4831992814273466,0.6515635322616163,0.4831992814273466,0.6515635322616163
3303,1,4,4,0.28705814575531874,0.44606865152445263,0.28705814575531874,0.44606865152445263
3304,1,3,3,0.37825238076264095,0.5488869615495808,0.37825238076264095,0.5488869615495808
3305,1,5,5,0.1897690018280431,0.3190014221861032,0.1897690018280431,0.3190014221861032
3306,1,3,3,0.1750026998256684,0.29787625143607416,0.1750026998256684,0.29787625143607416
3307,1,3,3,0.18459489287209346,0.3116591063879001,0.18459489287209346,0.3116591063879001
3308,1,2,2,0.2066384665218551,0.34250270027855506,0.2066384665218551,0.34250270027855506
3309,1,1,1,0.5107846611305407,0.6761846003232698,0.5107846611305407,0.6761846003232698
3310,1,4,4,0.10245891958710937,0.1858734466504785,0.10245891958710937,0.1858734466504785
3311,1,0,0,0.0,0.0,0.0,0.0
3312,1,4,4,0.17537204552086372,0.2984111221449851,0.17537204552086372,0.2984111221449851
3313,1,4,4,0.17501348246540732,0.2978918711608226,0.17501348246540732,0.2978918711608226
3314,1,6,6,0.41117172342040886,0.582738041864682,0.41117172342040886,0.582738041864682
3315,1,5,5,0.20710277861774687,0.34314025663150277,0.20710277861774687,0.34314025663150277
3322,1,1,1,0.8531474986154698,0.9207550928923643,0.8531474986154698,0.9207550928923643
3323,1,2,2,0.9093232039455156,0.9525084093321101,0.9093232039455156,0.9525084093321101
3324,1,1,1,0.7631804766424402,0.8656861696832496,0.7631804766424402,0.8656861696832496
3335,1,1,1,0.8370779996586448,0.911314598306861,0.8370779996586448,0.911314598306861
3336,1,1,1,0.8429099340627491,0.9147597703860973,0.8429099340627491,0.9147597703860973
3337,1,1,1,0.8392723721879878,0.9126134713692179,0.8392723721879878,0.9126134713692179
3338,1,1,1,0.8378091211792436,0.9117477016782431,0.8378091211792436,0.9117477016782431
3339,1,1,1,0.903273449038439,0.9491788471013303,0.903273449038439,0.9491788471013303
3340,1,2,2,0.8626410611760047,0.9262558193915945,0.8626410611760047,0.9262558193915945
3341,1,2,2,0.9098635154914898,0.9528047508225664,0.9098635154914898,0.9528047508225664
3342,1,1,1,0.9047649105642305,0.9500016569459173,0.9047649105642305,0.9500016569459173
3343,1,1,1,0.9050479426921297,0.9501576547340388,0.9050479426921297,0.9501576547340388
3344,1,1,1,0.9250451582502159,0.9610633332789373,0.9250451582502159,0.9610633332789373
3345,1,2,2,0.727416729000748,0.8422017881250159,0.727416729000748,0.8422017881250159
3346,1,2,2,0.9270073497382996,0.9621212393032059,0.9270073497382996,0.9621212393032059
3347,1,2,2,0.9433530327470468,0.9708509126759747,0.9433530327470468,0.9708509126759747
3348,1,1,1,0.6487766780531955,0.7869794456569377,0.6487766780531955,0.7869794456569377
3349,1,2,2,0.9266579363158869,0.9619330124451898,0.9266579363158869,0.9619330124451898
3350,1,2,2,0.9274135421230408,0.9623399668568244,0.9274135421230408,0.9623399668568244
3451,1,0,0,0.0,0.0,0.0,0.0
3452,1,1,1,0.550428463233855,0.7100340019374792,0.550428463233855,0.7100340019374792
3456,1,1,1,0.6040350755419819,0.7531444726517424,0.6040350755419819,0.7531444726517424
3457,1,1,1,0.7965999176361577,0.886786100585231,0.7965999176361577,0.886786100585231
3458,1,1,1,0.8484030755581843,0.9179849209047457,0.8484030755581843,0.9179849209047457
3459,1,1,1,0.8757957448171488,0.9337858316791531,0.8757957448171488,0.9337858316791531
3460,1,1,1,0.9024299648617127,0.9487129424260411,0.9024299648617127,0.9487129424260411
3461,1,1,1,0.9197284574315403,0.9581859912230205,0.9197284574315403,0.9581859912230205
3462,1,1,1,0.7104765796598048,0.8307352326345339,0.7104765796598048,0.8307352326345339
3463,1,0,0,0.0,0.0,0.0,0.0
3464,1,0,0,0.0,0.0,0.0,0.0
3465,1,0,0,0.0,0.0,0.0,0.0
3469,1,0,0,0.0,0.0,0.0,0.0
3470,1,1,1,0.7278108854503892,0.8424659105682974,0.7278108854503892,0.8424659105682974
3471,1,1,1,0.8465769543890375,0.9169148920404867,0.8465769543890375,0.9169148920404867
3472,1,0,0,0.0,0.0,0.0,0.0
3473,1,0,0,0.0,0.0,0.0,0.0
3474,1,0,0,0.0,0.0,0.0,0.0
3475,1,0,0,0.0,0.0,0.0,0.0
3476,1,0,0,0.0,0.0,0.0,0.0
3477,1,1,1,0.7296721347865658,0.843711498973306,0.7296721347865658,0.843711498973306
3478,1,1,1,0.8390035183970421,0.9124545004985691,0.8390035183970421,0.9124545004985691
3479,1,0,0,0.0,0.0,0.0,0.0
3480,1,0,0,0.0,0.0,0.0,0.0
3481,1,0,0,0.0,0.0,0.0,0.0
3488,1,2,2,0.44679451539901177,0.6176336869452262,0.44679451539901177,0.6176336869452262
3489,1,2,2,0.6485736166953858,0.7868300330991231,0.6485736166953858,0.7868300330991231
3490,1,2,2,0.7970307255357604,0.8870529748990647,0.7970307255357604,0.8870529748990647
3491,1,2,2,0.7845447232529776,0.8792659696674471,0.7845447232529776,0.8792659696674471
3492,1,3,3,0.4030324400564175,0.574516210103041,0.4030324400564175,0.574516210103041
3493,1,2,2,0.1704127211005896,0.29120107467790196,0.1704127211005896,0.29120107467790196
3598,1,1,1,0.8190468997809833,0.9005231254670764,0.8190468997809833,0.9005231254670764
3599,1,1,1,0.503222927409758,0.6695253488141967,0.503222927409758,0.6695253488141967
3600,1,1,1,0.4810623373010353,0.6496179467741827,0.4810623373010353,0.6496179467741827
3601,1,1,1,0.5473047358319613,0.7074297947361793,0.5473047358319613,0.7074297947361793
3602,1,3,3,0.16676246797151292,0.2858550434201737,0.16676246797151292,0.2858550434201737
3606,1,3,3,0.16032463126316918,0.2763444417940767,0.16032463126316918,0.2763444417940767
3607,1,4,4,0.17169985852649908,0.29307822694870783,0.17169985852649908,0.29307822694870783
3608,1,3,3,0.140799202754767,0.24684309458626794,0.140799202754767,0.24684309458626794
3609,1,1,1,0.40254493144846204,0.5740207282097386,0.40254493144846204,0.5740207282097386
3610,1,0,0,0.0,0.0,0.0,0.0
3611,1,1,1,0.7084837871018993,0.8293713905283236,0.7084837871018993,0.8293713905283236
3612,1,4,4,0.12313004476323541,0.21926231131888593,0.12313004476323541,0.21926231131888593
3613,1,4,4,0.13514014893861362,0.23810302025696697,0.13514014893861362,0.23810302025696697
3614,1,3,3,0.11058374298535958,0.19914525794894042,0.11058374298535958,0.19914525794894042
3615,1,4,4,0.14326269631907199,0.2506207834478122,0.14326269631907199,0.2506207834478122
3616,1,4,4,0.21832362121868618,0.3584000464512008,0.21832362121868618,0.3584000464512008
3617,1,6,6,0.32038892361756405,0.48529477623876394,0.32038892361756405,0.48529477623876394
3618,1,4,4,0.12681438214822846,0.22508477732856355,0.12681438214822846,0.22508477732856355
3619,1,2,2,0.6623630672926447,0.7968933866792186,0.6623630672926447,0.7968933866792186
3620,1,2,2,0.7213111928787475,0.8380950473835187,0.7213111928787475,0.8380950473835187
3621,1,0,0,0.0,0.0,0.0,0.0
3622,1,1,1,0.9096428731460322,0.9526837566727283,0.9096428731460322,0.9526837566727283
3623,1,1,1,0.875589950476486,0.9336688440392272,0.875589950476486,0.9336688440392272
3624,1,1,1,0.8940873077520584,0.9440824655682631,0.8940873077520584,0.9440824655682631
3625,1,1,1,0.7486729074568294,0.8562755267314763,0.7486729074568294,0.8562755267314763
3626,1,1,1,0.7014028961924618,0.8244994736544982,0.7014028961924618,0.8244994736544982
3627,1,1,1,0.6042049688830337,0.7532765208971094,0.6042049688830337,0.7532765208971094
3628,1,1,1,0.4457811231319537,0.6166647440606653,0.4457811231319537,0.6166647440606653
3629,1,1,1,0.4215618246184716,0.5930967156234843,0.4215618246184716,0.5930967156234843
3630,1,1,1,0.7881696121782568,0.8815378662185729,0.7881696121782568,0.8815378662185729
3631,1,1,1,0.8837100707355459,0.9382654841256726,0.8837100707355459,0.9382654841256726
3632,1,1,1,0.9209200628614377,0.9588322602967854,0.9209200628614377,0.9588322602967854
3633,1,1,1,0.9043348377252564,0.9497645265004885,0.9043348377252564,0.9497645265004885
3634,1,1,1,0.8912155227914508,0.9424790692030793,0.8912155227914508,0.9424790692030793
3635,1,1,1,0.8949888326958129,0.9445848094234951,0.8949888326958129,0.9445848094234951
3636,1,1,1,0.8920919643092149,0.9429689266027926,0.8920919643092149,0.9429689266027926
3637,1,1,1,0.8966360417576829,0.9455014267542201,0.8966360417576829,0.9455014267542201
3638,1,1,1,0.8504189971163709,0.9191637120475249,0.8504189971163709,0.9191637120475249
3639,1,1,1,0.40418898657172864,0.5756902958746883,0.40418898657172864,0.5756902958746883
3640,1,1,1,0.4190262465949724,0.5905827994379212,0.4190262465949724,0.5905827994379212
3641,1,1,1,0.39065370282895084,0.5618274370308866,0.39065370282895084,0.5618274370308866
3642,1,1,1,0.7207104913678619,0.8376894253663092,0.7207104913678619,0.8376894253663092
3643,1,1,1,0.5596190231857101,0.7176355441505461,0.5596190231857101,0.7176355441505461
3644,1,1,1,0.7987154007133738,0.8880953600515143,0.7987154007133738,0.8880953600515143
3645,1,1,1,0.4258498909911211,0.5973278024310245,0.4258498909911211,0.5973278024310245
3646,1,2,2,0.20030071348529765,0.3337508863152919,0.20030071348529765,0.3337508863152919
3647,1,1,1,0.6950517474598131,0.8200950189295524,0.6950517474598131,0.8200950189295524
3648,1,1,1,0.7263302308903543,0.8414731062384857,0.7263302308903543,0.8414731062384857
3649,1,1,1,0.6995088124819416,0.8231893913634818,0.6995088124819416,0.8231893913634818
3650,1,1,1,0.7099423726568193,0.8303699399573892,0.7099423726568193,0.8303699399573892
3801,1,2,2,0.26527921235962465,0.4193212213846528,0.26527921235962465,0.4193212213846528
3802,1,2,2,0.8204296328992864,0.9013582487037838,0.8204296328992864,0.9013582487037838
3803,1,1,1,0.8526700017450992,0.9204769343077153,0.8526700017450992,0.9204769343077153
3808,1,1,1,0.6708841079704458,0.8030288932310705,0.6708841079704458,0.8030288932310705
3809,1,1,1,0.683841828739976,0.8122399824830304,0.683841828739976,0.8122399824830304
3810,1,1,1,0.8499041358531909,0.9188628960615931,0.8499041358531909,0.9188628960615931
3811,1,2,2,0.8924283263905906,0.943156804350641,0.8924283263905906,0.943156804350641
3812,1,1,1,0.4033612830531045,0.5748502369618828,0.4033612830531045,0.5748502369618828
3813,1,2,2,0.8796776908125498,0.9359877973891167,0.8796776908125498,0.9359877973891167
3814,1,3,3,0.7085923326294501,0.8294457596435036,0.7085923326294501,0.8294457596435036
3817,1,1,1,0.1822137212039684,0.3082585118677216,0.1822137212039684,0.3082585118677216
3818,1,3,3,0.6059799700033868,0.7546544556245105,0.6059799700033868,0.7546544556245105
3819,1,1,1,0.8500138163348553,0.9189269926846876,0.8500138163348553,0.9189269926846876
3820,1,1,1,0.869084237224111,0.9299572698925973,0.869084237224111,0.9299572698925973
3821,1,2,2,0.641686315909249,0.7817404697728148,0.641686315909249,0.7817404697728148
3822,1,2,2,0.6812300431301704,0.8103948010134693,0.6812300431301704,0.8103948010134693
3823,1,1,1,0.789027920503469,0.8820744622939373,0.789027920503469,0.8820744622939373
3824,1,1,1,0.7124930799040413,0.8321120689655173,0.7124930799040413,0.8321120689655173
3825,1,1,1,0.08745901236474958,0.1608502230802508,0.08745901236474958,0.1608502230802508
3826,1,2,2,0.6876729918675988,0.8149363000786211,0.6876729918675988,0.8149363000786211
3827,1,1,1,0.6590453560921993,0.7944874486669232,0.6590453560921993,0.7944874486669232
3828,1,1,1,0.8272686528037344,0.9054701962236209,0.8272686528037344,0.9054701962236209
3829,1,1,1,0.7470806816018802,0.8552331778025153,0.7470806816018802,0.8552331778025153
3830,1,2,2,0.8320116826000578,0.9083039049393358,0.8320116826000578,0.9083039049393358
3951,1,2,2,0.7738081078855638,0.8724823214479134,0.7738081078855638,0.8724823214479134
3952,1,2,2,0.6638434868746904,0.7979638615187687,0.6638434868746904,0.7979638615187687
3953,1,1,1,0.3339144428054177,0.5006534633557856,0.3339144428054177,0.5006534633557856
3954,1,1,1,0.9126228755167662,0.9543155498129103,0.9126228755167662,0.9543155498129103
3955,1,1,1,0.9086819361221556,0.9521564792176039,0.9086819361221556,0.9521564792176039
3956,1,1,1,0.8514658101065454,0.9197748135111893,0.8514658101065454,0.9197748135111893
3957,1,1,1,0.8874886080144344,0.9403909557346027,0.8874886080144344,0.9403909557346027
3958,1,1,1,0.8913263828554879,0.9425410557746048,0.8913263828554879,0.9425410557746048
3959,1,1,1,0.8621610116883347,0.9259790171491706,0.8621610116883347,0.9259790171491706
3976,1,1,1,0.8814267832822943,0.9369769699404165,0.8814267832822943,0.9369769699404165
3977,1,0,0,0.0,0.0,0.0,0.0
3978,1,0,0,0.0,0.0,0.0,0.0
3979,1,1,1,0.588994555247362,0.7413424461428341,0.588994555247362,0.7413424461428341
3985,1,1,1,0.8332883490778228,0.9090641409432203,0.8332883490778228,0.9090641409432203
3986,1,1,1,0.8280646939900753,0.9059468154627256,0.8280646939900753,0.9059468154627256
3987,1,1,1,0.6771180940017564,0.8074781333806863,0.6771180940017564,0.8074781333806863
3988,1,1,1,0.6716444630096523,0.8035733409488451,0.6716444630096523,0.8035733409488451
3989,1,0,0,0.0,0.0,0.0,0.0
3990,1,0,0,0.0,0.0,0.0,0.0
3991,1,0,0,0.0,0.0,0.0,0.0
3992,1,1,1,0.5648940126441057,0.721958174904943,0.5648940126441057,0.721958174904943
3993,1,1,1,0.5916690160699183,0.7434573521206592,0.5916690160699183,0.7434573521206592
3994,1,1,1,0.6861306848419176,0.8138523200012169,0.6861306848419176,0.8138523200012169
3995,1,0,0,0.0,0.0,0.0,0.0
3996,1,1,1,0.5299128806152275,0.6927360208930751,0.5299128806152275,0.6927360208930751
3997,1,1,1,0.4840426443128544,0.6523298318519374,0.4840426443128544,0.6523298318519374
4013,1,1,1,0.045913604895376874,0.08779617108043954,0.045913604895376874,0.08779617108043954
4014,1,1,1,0.04999307575128099,0.09522553415985228,0.04999307575128099,0.09522553415985228
4015,1,2,2,0.07171040772317286,0.13382422566096036,0.07171040772317286,0.13382422566096036
4016,1,1,1,0.051307762429002174,0.09760750231779466,0.051307762429002174,0.09760750231779466
4017,1,1,1,0.050404051287576766,0.09597078614803874,0.050404051287576766,0.09597078614803874
4018,1,2,2,0.05957786143279979,0.11245584416464957,0.05957786143279979,0.11245584416464957
4019,1,1,1,0.8065327923578656,0.8929068941009239,0.8065327923578656,0.8929068941009239
4020,1,1,1,0.8193359446498517,0.9006978035686979,0.8193359446498517,0.9006978035686979
4021,1,1,1,0.8276719076710147,0.9057116916850895,0.8276719076710147,0.9057116916850895
4022,1,1,1,0.7833514774494557,0.8785160831781773,0.7833514774494557,0.8785160831781773
4023,1,1,1,0.846132196847861,0.9166539625846636,0.846132196847861,0.9166539625846636
4026,1,1,1,0.9046056114346215,0.9499138362332537,0.9046056114346215,0.9499138362332537
4027,1,1,1,0.8883218598552304,0.9408585249585939,0.8883218598552304,0.9408585249585939
4030,1,1,1,0.8968539607506087,0.9456225722255523,0.8968539607506087,0.9456225722255523
4031,1,1,1,0.8948293900948663,0.9444960002969617,0.8948293900948663,0.9444960002969617
4032,1,1,1,0.7800731400386814,0.8764506609225396,0.7800731400386814,0.8764506609225396
4033,1,1,1,0.8832867275951439,0.9380268173217082,0.8832867275951439,0.9380268173217082
4034,1,1,1,0.8066876886498153,0.8930018106811521,0.8066876886498153,0.8930018106811521
4035,1,1,1,0.8776296691746884,0.934827227735968,0.8776296691746884,0.934827227735968
4036,1,2,2,0.7756895951942575,0.8736770179806098,0.7756895951942575,0.8736770179806098
4037,1,1,1,0.579810188915749,0.7340251290741234,0.579810188915749,0.7340251290741234
4038,1,1,1,0.8074434654014419,0.8934646984624826,0.8074434654014419,0.8934646984624826
4039,1,4,4,0.43581708096266775,0.6070649064440253,0.43581708096266775,0.6070649064440253
4040,1,1,1,0.3010753562168269,0.46281002061598053,0.3010753562168269,0.46281002061598053
4041,1,3,3,0.36523255141414723,0.5350481147491376,0.36523255141414723,0.5350481147491376
4042,1,2,2,0.24424166355710844,0.39259521797213665,0.24424166355710844,0.39259521797213665
4043,1,2,2,0.22451196829314932,0.366696241615502,0.22451196829314932,0.366696241615502
4044,1,4,4,0.42366715925883824,0.59517725966145,0.42366715925883824,0.59517725966145
4045,1,3,3,0.30005793446589535,0.4616070199812573,0.30005793446589535,0.4616070199812573
4046,1,2,2,0.19125641156723414,0.3211003268651699,0.19125641156723414,0.3211003268651699
4047,1,2,2,0.16703740635626807,0.28625887301726405,0.16703740635626807,0.28625887301726405
4048,1,1,1,0.042149927009641146,0.0808903324123175,0.042149927009641146,0.0808903324123175
4049,1,0,0,0.0,0.0,0.0,0.0
4050,1,0,0,0.0,0.0,0.0,0.0
4052,1,1,1,0.11726632047477745,0.209916504822137,0.11726632047477745,0.209916504822137
4053,1,0,0,0.0,0.0,0.0,0.0
4054,1,0,0,0.0,0.0,0.0,0.0
4055,1,1,1,0.041201490826661684,0.07914220482713634,0.041201490826661684,0.07914220482713634
4056,1,0,0,0.0,0.0,0.0,0.0
4057,1,0,0,0.0,0.0,0.0,0.0
4058,1,0,0,0.0,0.0,0.0,0.0
4059,1,0,0,0.0,0.0,0.0,0.0
4060,1,3,3,0.16732095962967908,0.28667515690416456,0.16732095962967908,0.28667515690416456
4061,1,1,1,0.5080149771589172,0.6737532250720899,0.5080149771589172,0.6737532250720899
4062,1,3,3,0.15875527920065177,0.27401002101179894,0.15875527920065177,0.27401002101179894
4063,1,3,3,0.2592284909340461,0.41172589851705244,0.2592284909340461,0.41172589851705244
4064,1,3,3,0.30503885414128284,0.4674785783937426,0.30503885414128284,0.4674785783937426
4065,1,2,2,0.7123234650800652,0.831996383401495,0.7123234650800652,0.831996383401495
4066,1,3,3,0.2128183315535123,0.3509484083752444,0.2128183315535123,0.3509484083752444
4067,1,3,3,0.20825969930126967,0.3447267163205148,0.20825969930126967,0.3447267163205148
4069,1,0,0,0.0,0.0,0.0,0.0
4070,1,1,1,0.517890164540726,0.6823816065735244,0.517890164540726,0.6823816065735244
4071,1,1,1,0.5443482792930808,0.7049553350002812,0.5443482792930808,0.7049553350002812
4093,1,1,1,0.7719378509787036,0.8712922414884192,0.7719378509787036,0.8712922414884192
4094,1,1,1,0.7681053665216255,0.8688456933228034,0.7681053665216255,0.8688456933228034
4095,1,1,1,0.6051818074681123,0.7540352185060938,0.6051818074681123,0.7540352185060938
4096,1,2,2,0.6885761354779282,0.8155701374792155,0.6885761354779282,0.8155701374792155
4097,1,2,2,0.7809853358938733,0.8770261272273735,0.7809853358938733,0.8770261272273735
4098,1,2,2,0.6191475866751235,0.7647821505222098,0.6191475866751235,0.7647821505222098
4099,1,2,2,0.7271223281149626,0.8420044327822077,0.7271223281149626,0.8420044327822077
4100,1,1,1,0.8879071027151466,0.9406258405810096,0.8879071027151466,0.9406258405810096
4104,1,1,1,0.9496161128565781,0.9741570215740578,0.9496161128565781,0.9741570215740578
4105,1,1,1,0.9307840991603685,0.9641514031166245,0.9307840991603685,0.9641514031166245
4106,1,1,1,0.9475037358108798,0.9730443319702992,0.9475037358108798,0.9730443319702992
4107,1,1,1,0.9216545522929842,0.9592302125199706,0.9216545522929842,0.9592302125199706
4108,1,2,2,0.8968128083566289,0.9455996969290971,0.8968128083566289,0.9455996969290971
4109,1,1,1,0.8762664133839899,0.9340532955589994,0.8762664133839899,0.9340532955589994
4110,1,1,1,0.7735209978258382,0.8722997909515575,0.7735209978258382,0.8722997909515575
4111,1,1,1,0.7457856625633599,0.8543839928990058,0.7457856625633599,0.8543839928990058
4112,1,1,1,0.6853371435438964,0.8132938221521444,0.6853371435438964,0.8132938221521444
4113,1,1,1,0.645532189143374,0.7845877381218815,0.645532189143374,0.7845877381218815
4114,1,0,0,0.0,0.0,0.0,0.0
4115,1,1,1,0.5968271587808149,0.7475162925416365,0.5968271587808149,0.7475162925416365
4134,1,0,0,0.0,0.0,0.0,0.0
4135,1,0,0,0.0,0.0,0.0,0.0
4136,1,0,0,0.0,0.0,0.0,0.0
4137,1,0,0,0.0,0.0,0.0,0.0
4138,1,0,0,0.0,0.0,0.0,0.0
4139,1,0,0,0.0,0.0,0.0,0.0
4140,1,1,1,0.6396756912811958,0.780246599596011,0.6396756912811958,0.780246599596011
4141,1,1,1,0.6089471622988806,0.7569511001577087,0.6089471622988806,0.7569511001577087
4142,1,1,1,0.6164051084345307,0.7626864147088867,0.6164051084345307,0.7626864147088867
4143,1,2,2,0.6906558422169679,0.8170271263621653,0.6906558422169679,0.8170271263621653
4144,1,2,2,0.6930418129588254,0.8186942669155214,0.6930418129588254,0.8186942669155214
4145,1,1,1,0.7397620636852644,0.8504175129767547,0.7397620636852644,0.8504175129767547
4146,1,1,1,0.7826261101311746,0.8780597408321199,0.7826261101311746,0.8780597408321199
4147,1,1,1,0.834141063155328,0.9095713300484425,0.834141063155328,0.9095713300484425
4148,1,1,1,0.8150315867707172,0.8980908020678712,0.8150315867707172,0.8980908020678712
4149,1,1,1,0.8316026541040973,0.9080601103527709,0.8316026541040973,0.9080601103527709
4150,1,1,1,0.8460959482273495,0.9166326907762126,0.8460959482273495,0.9166326907762126
4151,1,1,1,0.8607662910064717,0.9251739943557243,0.8607662910064717,0.9251739943557243
4153,1,0,0,0.0,0.0,0.0,0.0
4154,1,1,1,0.6387362706411642,0.7795473647400937,0.6387362706411642,0.7795473647400937
4155,1,0,0,0.0,0.0,0.0,0.0
4156,1,0,0,0.0,0.0,0.0,0.0
4157,1,0,0,0.0,0.0,0.0,0.0
4158,1,1,1,0.6080660860016471,0.7562700206103647,0.6080660860016471,0.7562700206103647
4159,1,1,1,0.5995400359535216,0.7496405497548204,0.5995400359535216,0.7496405497548204
4160,1,2,2,0.7091096756686034,0.8298000833576696,0.7091096756686034,0.8298000833576696
4161,1,0,0,0.0,0.0,0.0,0.0
4162,1,0,0,0.0,0.0,0.0,0.0
4163,1,1,1,0.5605233693660222,0.7183786931607955,0.5605233693660222,0.7183786931607955
4164,1,1,1,0.454594373748144,0.625046242378571,0.454594373748144,0.625046242378571
4165,1,0,0,0.0,0.0,0.0,0.0
4198,1,0,0,0.0,0.0,0.0,0.0
4199,1,0,0,0.0,0.0,0.0,0.0
4200,1,0,0,0.0,0.0,0.0,0.0
4206,1,0,0,0.0,0.0,0.0,0.0
4207,1,0,0,0.0,0.0,0.0,0.0
4277,1,2,2,0.7712389873982379,0.8708468963085622,0.7712389873982379,0.8708468963085622
4278,1,2,2,0.8165851091817943,0.8990331419699805,0.8165851091817943,0.8990331419699805
4279,1,2,2,0.808180032148598,0.893915448439352,0.808180032148598,0.893915448439352
4280,1,1,1,0.8342944418880154,0.9096625087401856,0.8342944418880154,0.9096625087401856
4281,1,1,1,0.6577093741272846,0.7935159013907868,0.6577093741272846,0.7935159013907868
4282,1,1,1,0.7226105798310963,0.8389714869880214,0.7226105798310963,0.8389714869880214
4283,1,1,1,0.8146991766021405,0.897888958243306,0.8146991766021405,0.897888958243306
4284,1,1,1,0.7958872593362917,0.8863443461706263,0.7958872593362917,0.8863443461706263
4285,1,1,1,0.665399830460582,0.7990871840986792,0.665399830460582,0.7990871840986792
4286,1,1,1,0.6617866660950708,0.7964760815540326,0.6617866660950708,0.7964760815540326
4287,1,1,1,0.7340284412308496,0.8466163804208665,0.7340284412308496,0.8466163804208665
4288,1,1,1,0.7467432088702765,0.8550120075786527,0.7467432088702765,0.8550120075786527
4289,1,1,1,0.6656985101693291,0.7993025221612962,0.6656985101693291,0.7993025221612962
4290,1,1,1,0.6557146374925247,0.7920623791616207,0.6557146374925247,0.7920623791616207
4291,1,1,1,0.3765299404817885,0.5470711960685755,0.3765299404817885,0.5470711960685755
4292,1,0,0,0.0,0.0,0.0,0.0
4293,1,1,1,0.4395119904463738,0.6106402633160241,0.4395119904463738,0.6106402633160241
4295,1,2,2,0.138095039921999,0.2426775182702906,0.138095039921999,0.2426775182702906
4296,1,2,2,0.35792781819283026,0.5271676644332554,0.35792781819283026,0.5271676644332554
4297,1,1,1,0.5079653631595016,0.6737095898478839,0.5079653631595016,0.6737095898478839
4298,1,1,1,0.7157054730372996,0.8342987584813051,0.7157054730372996,0.8342987584813051
4299,1,1,1,0.7107964062737933,0.830953822052907,0.7107964062737933,0.830953822052907
4300,1,1,1,0.8313668238278725,0.907919498170413,0.8313668238278725,0.907919498170413
4301,1,1,1,0.9324647382261535,0.9650522669635677,0.9324647382261535,0.9650522669635677
4302,1,1,1,0.8486319402915524,0.9181188767708001,0.8486319402915524,0.9181188767708001
4303,1,1,1,0.8941158285243199,0.9440983651152036,0.8941158285243199,0.9440983651152036
4304,1,1,1,0.9312291014418674,0.9643900878943944,0.9312291014418674,0.9643900878943944
4305,1,1,1,0.8880560367758392,0.9407094063715804,0.8880560367758392,0.9407094063715804
4306,1,1,1,0.9079906477788475,0.951776832696605,0.9079906477788475,0.951776832696605
4307,1,1,1,0.8865199129329224,0.9398468649659504,0.8865199129329224,0.9398468649659504
4308,1,1,1,0.8321872677421571,0.9084085261302781,0.8321872677421571,0.9084085261302781
4333,1,0,0,0.0,0.0,0.0,0.0
4334,1,0,0,0.0,0.0,0.0,0.0
4335,1,0,0,0.0,0.0,0.0,0.0
4357,1,0,0,0.0,0.0,0.0,0.0
4358,1,1,1,0.5134445185273138,0.6785111872180565,0.5134445185273138,0.6785111872180565
4359,1,0,0,0.0,0.0,0.0,0.0
4366,1,1,1,0.7434324453778416,0.852837685049188,0.7434324453778416,0.852837685049188
4367,1,1,1,0.7096639920080432,0.8301794917895241,0.7096639920080432,0.8301794917895241
4368,1,1,1,0.7040079117886936,0.8262965293977983,0.7040079117886936,0.8262965293977983
4369,1,1,1,0.68311837396178,0.8117294475893971,0.68311837396178,0.8117294475893971
4370,1,1,1,0.638076351016361,0.7790556900726392,0.638076351016361,0.7790556900726392
4371,1,1,1,0.5621563693970739,0.7197184358874936,0.5621563693970739,0.7197184358874936
4372,1,1,1,0.5567449539330032,0.7152680373575998,0.5567449539330032,0.7152680373575998
4373,1,1,1,0.5630479834210107,0.7204487506374299,0.5630479834210107,0.7204487506374299
4374,1,1,1,0.5458464885516436,0.7062104712131744,0.5458464885516436,0.7062104712131744
4375,1,1,1,0.6195117142112713,0.7650598742510284,0.6195117142112713,0.7650598742510284
4376,1,1,1,0.49975088613361046,0.6664451953377122,0.49975088613361046,0.6664451953377122
4377,1,1,1,0.6094851543074448,0.7573666059314526,0.6094851543074448,0.7573666059314526
4378,1,1,1,0.8555836177474403,0.9221719889789327,0.8555836177474403,0.9221719889789327
4379,1,0,0,0.0,0.0,0.0,0.0
4380,1,3,3,0.14724245577523412,0.2566893424036281,0.14724245577523412,0.2566893424036281
4381,1,0,0,0.0,0.0,0.0,0.0
4382,1,2,2,0.40352711087132453,0.5750186195132498,0.40352711087132453,0.5750186195132498
4383,1,2,2,0.08785984019264448,0.1615278677390752,0.08785984019264448,0.1615278677390752
4384,1,3,3,0.15098612426400956,0.2623595907562424,0.15098612426400956,0.2623595907562424
4386,1,3,3,0.12029845035393151,0.21476143310905427,0.12029845035393151,0.21476143310905427
4387,1,2,2,0.07784685813266522,0.14444882878358503,0.07784685813266522,0.14444882878358503
4388,1,0,0,0.0,0.0,0.0,0.0
4389,1,1,1,0.8907901889670504,0.9422411795501163,0.8907901889670504,0.9422411795501163
4390,1,1,1,0.8683358463613999,0.9295286477027044,0.8683358463613999,0.9295286477027044
4391,1,1,1,0.7654829698905814,0.8671655098865365,0.7654829698905814,0.8671655098865365
4392,1,1,1,0.6876738661582221,0.8149369139946753,0.6876738661582221,0.8149369139946753
4393,1,3,3,0.10676237940652004,0.1929273733785012,0.10676237940652004,0.1929273733785012
4397,1,4,4,0.161416227197462,0.27796447719172135,0.161416227197462,0.27796447719172135
4401,1,1,1,0.7644559076394006,0.8665061046066461,0.7644559076394006,0.8665061046066461
4404,1,1,1,0.6031299686864269,0.7524405138288566,0.6031299686864269,0.7524405138288566
4405,1,0,0,0.0,0.0,0.0,0.0
4406,1,1,1,0.5690210813701483,0.7253198674338402,0.5690210813701483,0.7253198674338402
4408,1,0,0,0.0,0.0,0.0,0.0
4409,1,1,1,0.06487465422925685,0.12184467715820005,0.06487465422925685,0.12184467715820005
4410,1,1,1,0.587153363279534,0.7398823287830225,0.587153363279534,0.7398823287830225
4411,1,1,1,0.6057658611244215,0.7544884043060176,0.6057658611244215,0.7544884043060176
4412,1,1,1,0.7242216351028322,0.8400563133632641,0.7242216351028322,0.8400563133632641
4413,1,1,1,0.7560080800879304,0.8610530767604144,0.7560080800879304,0.8610530767604144
4414,1,1,1,0.8452582312703362,0.9161408597954691,0.8452582312703362,0.9161408597954691
4415,1,1,1,0.83611377899404,0.9107428837575909,0.83611377899404,0.9107428837575909
4416,1,1,1,0.800139317947786,0.8889748809664014,0.800139317947786,0.8889748809664014
4417,1,1,1,0.7506599208095028,0.8575736633787774,0.7506599208095028,0.8575736633787774
4418,1,1,1,0.6822202667654687,0.8110950512767569,0.6822202667654687,0.8110950512767569
4419,1,1,1,0.39243424960727974,0.5636664707406635,0.39243424960727974,0.5636664707406635
4421,1,1,1,0.6245990285033453,0.7689269998871714,0.6245990285033453,0.7689269998871714
4422,1,1,1,0.576206708329156,0.7311308920134705,0.576206708329156,0.7311308920134705
4423,1,1,1,0.31052996800903276,0.4738998353174514,0.31052996800903276,0.4738998353174514
4424,1,0,0,0.0,0.0,0.0,0.0
4427,1,1,1,0.5051535253570734,0.6712318934206182,0.5051535253570734,0.6712318934206182
4428,1,1,1,0.6389163196084324,0.7796814418945824,0.6389163196084324,0.7796814418945824
4429,1,1,1,0.7576599907108978,0.8621234991011623,0.7576599907108978,0.8621234991011623
4430,1,0,0,0.0,0.0,0.0,0.0
4432,1,1,1,0.5090502684710513,0.6746631031540307,0.5090502684710513,0.6746631031540307
4433,1,1,1,0.5146953179484759,0.6796024412957007,0.5146953179484759,0.6796024412957007
4434,1,1,1,0.8983117224836465,0.9464322554025478,0.8983117224836465,0.9464322554025478
4435,1,1,1,0.8831365596670564,0.9379421318475144,0.8831365596670564,0.9379421318475144
4436,1,1,1,0.8901810827039156,0.941900319339252,0.8901810827039156,0.941900319339252
4437,1,1,1,0.8996127382787532,0.947153827883778,0.8996127382787532,0.947153827883778
4439,1,2,2,0.49373938410441304,0.661078350559043,0.49373938410441304,0.661078350559043
4440,1,2,2,0.7568099404710338,0.8615729260595131,0.7568099404710338,0.8615729260595131
4442,1,2,2,0.9245900184467928,0.9608176386500925,0.9245900184467928,0.9608176386500925
4447,1,2,2,0.8866053534322706,0.9398948771339845,0.8866053534322706,0.9398948771339845
4451,1,2,2,0.9232635689235685,0.960100928278187,0.9232635689235685,0.960100928278187
4458,1,1,1,0.2830708128356727,0.4412395793028246,0.2830708128356727,0.4412395793028246
4461,1,2,2,0.8021937751422122,0.8902414226560189,0.8021937751422122,0.8902414226560189
4462,1,1,1,0.9369938008211899,0.9674721730383966,0.9369938008211899,0.9674721730383966
4466,1,1,1,0.9138956639566396,0.9550109561012563,0.9138956639566396,0.9550109561012563
4471,1,1,1,0.9234131313339234,0.9601817896434126,0.9234131313339234,0.9601817896434126
4475,1,2,2,0.8426258512739557,0.9145924558600766,0.8426258512739557,0.9145924558600766
4479,1,1,1,0.87430547487408,0.9329380792987523,0.87430547487408,0.9329380792987523
4483,1,1,1,0.864719711687361,0.9274527493516838,0.864719711687361,0.9274527493516838
4484,1,1,1,0.8532912521052408,0.9208388062436997,0.8532912521052408,0.9208388062436997
4487,1,1,1,0.9145390123714103,0.9553621069738689,0.9145390123714103,0.9553621069738689
4488,1,1,1,0.8089725671552235,0.894400038832438,0.8089725671552235,0.894400038832438
4490,1,1,1,0.8881307619749245,0.9407513291568514,0.8881307619749245,0.9407513291568514
4491,1,1,1,0.8700292271126409,0.9304979991740363,0.8700292271126409,0.9304979991740363
4498,1,1,1,0.8770394381415451,0.9344922864379461,0.8770394381415451,0.9344922864379461
4506,1,2,2,0.08238494385576467,0.152228547382202,0.08238494385576467,0.152228547382202
4527,1,0,0,0.0,0.0,0.0,0.0
4528,1,1,1,0.6898499849162164,0.8164629891101481,0.6898499849162164,0.8164629891101481
4537,1,2,2,0.08773756222799713,0.16132119598460043,0.08773756222799713,0.16132119598460043
4552,1,1,1,0.7223587025686049,0.8388016984979143,0.7223587025686049,0.8388016984979143
4557,1,1,1,0.2920276959660561,0.4520455666357917,0.2920276959660561,0.4520455666357917
4559,1,2,2,0.8351378895504318,0.9101636387171126,0.8351378895504318,0.9101636387171126
4560,1,1,1,0.8748407063535408,0.9332427052483372,0.8748407063535408,0.9332427052483372
4561,1,1,1,0.8612654677815155,0.9254622542458463,0.8612654677815155,0.9254622542458463
4562,1,2,2,0.4521643628100738,0.622745433492244,0.4521643628100738,0.622745433492244
4564,1,2,2,0.35038697356518245,0.5189430591737998,0.35038697356518245,0.5189430591737998
4579,1,1,1,0.8970824629386595,0.9457495712116188,0.8970824629386595,0.9457495712116188
4586,1,1,1,0.8040881431201428,0.8914067155604545,0.8040881431201428,0.8914067155604545
4587,1,1,1,0.8054656649607254,0.8922525424799445,0.8054656649607254,0.8922525424799445
4597,1,1,1,0.9014094076260503,0.9481486775133598,0.9014094076260503,0.9481486775133598
4598,1,1,1,0.9355342056574754,0.9666935390993896,0.9355342056574754,0.9666935390993896
4599,1,1,1,0.6822765123045669,0.8111348013412012,0.6822765123045669,0.8111348013412012
4616,1,4,4,0.12916945746818487,0.2287866654803215,0.12916945746818487,0.2287866654803215
4617,1,3,3,0.10734319851285284,0.19387521169049185,0.10734319851285284,0.19387521169049185
4619,1,1,1,0.7985160824576883,0.8879721346350252,0.7985160824576883,0.8879721346350252
4620,1,1,1,0.8070572175715014,0.8932281830634041,0.8070572175715014,0.8932281830634041
4629,1,1,1,0.9191326867247295,0.9578625731119811,0.9191326867247295,0.9578625731119811
4635,1,2,2,0.7624939647623957,0.8652443412652351,0.7624939647623957,0.8652443412652351
4637,1,1,1,0.2858028469015506,0.4445515851676031,0.2858028469015506,0.4445515851676031
4642,1,2,2,0.7150799627874008,0.8338736132456831,0.7150799627874008,0.8338736132456831
4645,1,2,2,0.45394903216017224,0.6244359631860378,0.45394903216017224,0.6244359631860378
4657,1,1,1,0.548848045167557,0.7087177426862191,0.548848045167557,0.7087177426862191
4660,1,2,2,0.789753320683112,0.8825275657336726,0.789753320683112,0.8825275657336726
4664,1,2,2,0.5502173021730218,0.7098582907077001,0.5502173021730218,0.7098582907077001
4674,1,0,0,0.0,0.0,0.0,0.0
4685,1,1,1,0.8698280328637339,0.9303829203282928,0.8698280328637339,0.9303829203282928
4686,1,1,1,0.9006569685593618,0.9477322667456731,0.9006569685593618,0.9477322667456731
4688,1,1,1,0.9390148861301572,0.9685484034671051,0.9390148861301572,0.9685484034671051
4689,1,2,2,0.8069058671924731,0.8931354774404757,0.8069058671924731,0.8931354774404757
4692,1,1,1,0.9415141675393459,0.9698761752870553,0.9415141675393459,0.9698761752870553
4694,1,2,2,0.8290781684910232,0.9065530197378135,0.8290781684910232,0.9065530197378135
4695,1,1,1,0.48598754782086867,0.6540937015704428,0.48598754782086867,0.6540937015704428
4698,1,1,1,0.9381603149749935,0.9680936171547789,0.9381603149749935,0.9680936171547789
4700,1,0,0,0.0,0.0,0.0,0.0
4701,1,1,1,0.33959284948965207,0.5070090507261629,0.33959284948965207,0.5070090507261629
4702,1,3,3,0.6548264196800998,0.7914140261389911,0.6548264196800998,0.7914140261389911
4706,1,1,1,0.8121926151180273,0.8963645567721614,0.8121926151180273,0.8963645567721614
4707,1,1,1,0.7666386212041044,0.8679065565560651,0.7666386212041044,0.8679065565560651
4709,1,1,1,0.7831603893913086,0.8783959020743441,0.7831603893913086,0.8783959020743441
4711,1,1,1,0.5711814491970938,0.7270725472083182,0.5711814491970938,0.7270725472083182
4714,1,0,0,0.0,0.0,0.0,0.0
4719,1,1,1,0.2649407002769893,0.41889821430992635,0.2649407002769893,0.41889821430992635
4731,1,1,1,0.5825811308792646,0.7362417250047572,0.5825811308792646,0.7362417250047572
4735,1,1,1,0.6541231635940425,0.7909001917037158,0.6541231635940425,0.7909001917037158
4992,1,0,0,0.0,0.0,0.0,0.0
4993,1,1,1,0.5306194114778084,0.6933394513342765,0.5306194114778084,0.6933394513342765
